identification_code,item_category_name,item_type,description,created_at,additional_fields,sub_item_attribute,item_category_id,service_due_days,item_category_description,updated_at,inventory_item_id,total_quantity,secondary_units,id,is_low_stock,quantity,company_id,item_attribute,sales_info,mrp,unit,godown_stocks,show_on_store,name,sku_code,purchase_info,search_text,_score
,TEXMO MOTORS,good,,2024-07-16 08:54:18.421,[],,d18c480f-5ea6-4145-9d32-afb8fc1a4450,,,2025-04-01 08:15:55.681,6c2d88c1-054e-4a18-beec-c0ff40b23c17,0.0,[],6c2d88c1-054e-4a18-beec-c0ff40b23c17,False,0.0,4e726ef2-b58c-4e32-b4ef-f7d35150db22,normal,"{""gst_percentage"": 18.0, ""is_tax_applicable"": true, ""price_with_tax"": 24800.001, ""price_per_unit"": 21016.95, ""is_tax_included"": false, ""is_tax_exempted"": false}",0.0,NOS,[],False, 2.0HP 14A/16 (3PH) SUB MOTOR,,"{""gst_percentage"": 18.0, ""is_tax_applicable"": true, ""price_with_tax"": 19144.32, ""price_per_unit"": 16224.0, ""is_tax_included"": false, ""is_tax_exempted"": false}", 2.0HP 14A/16 (3PH) SUB MOTOR,
,TEXMO MOTORS,good,,2025-03-04 07:24:26.272,[],,d18c480f-5ea6-4145-9d32-afb8fc1a4450,,,2025-03-04 08:05:10.072,9db14538-6c70-4047-8d07-16fdc032b84a,0.0,[],9db14538-6c70-4047-8d07-16fdc032b84a,False,0.0,4e726ef2-b58c-4e32-b4ef-f7d35150db22,normal,"{""gst_percentage"": 18.0, ""is_tax_applicable"": true, ""price_with_tax"": 30500.0028, ""price_per_unit"": 25847.46, ""is_tax_included"": false, ""is_tax_exempted"": false}",0.0,NOS,[],False, 3.0HP 19/18 (1PH) SUB MOTOR,,"{""gst_percentage"": 18.0, ""is_tax_applicable"": true, ""price_with_tax"": 21806.4, ""price_per_unit"": 18480.0, ""is_tax_included"": false, ""is_tax_exempted"": false}", 3.0HP 19/18 (1PH) SUB MOTOR,
84137010,TEXMO MOTORS,good,,2024-04-19 13:52:10.687,[],,d18c480f-5ea6-4145-9d32-afb8fc1a4450,,,2026-05-02 07:39:31.009,3fd0aa5f-b825-48e8-950b-e56b04c4689d,0.0,[],3fd0aa5f-b825-48e8-950b-e56b04c4689d,False,0.0,4e726ef2-b58c-4e32-b4ef-f7d35150db22,normal,"{""gst_percentage"": 18.0, ""is_tax_applicable"": true, ""price_with_tax"": 14299.9952, ""price_per_unit"": 12118.64, ""is_tax_included"": false, ""is_tax_exempted"": false}",0.0,NOS,[],False,0.5HP  TVJ522 JET MOTOR,,"{""gst_percentage"": 18.0, ""is_tax_applicable"": true, ""price_with_tax"": 10541.648, ""price_per_unit"": 8933.6, ""is_tax_included"": false, ""is_tax_exempted"": false}",0.5HP  TVJ522 JET MOTOR 84137010,
84137010,TEXMO MOTORS,good,,2024-04-19 13:52:10.687,[],,d18c480f-5ea6-4145-9d32-afb8fc1a4450,,,2025-03-18 12:20:21.255,55ea2122-820f-43e8-9d97-1044e2e1b798,0.0,[],55ea2122-820f-43e8-9d97-1044e2e1b798,False,0.0,4e726ef2-b58c-4e32-b4ef-f7d35150db22,normal,"{""gst_percentage"": 18.0, ""is_tax_applicable"": true, ""price_with_tax"": 14000.0038, ""price_per_unit"": 11864.41, ""is_tax_included"": false, ""is_tax_exempted"": false}",0.0,NOS,[],False,0.5HP  TVJ522B JET MOTOR,,"{""gst_percentage"": 18.0, ""is_tax_applicable"": true, ""price_with_tax"": 7941.164, ""price_per_unit"": 6729.8, ""is_tax_included"": false, ""is_tax_exempted"": false}",0.5HP  TVJ522B JET MOTOR 84137010,
,TEXMO MOTORS,good,,2025-03-04 08:13:21.588,[],,d18c480f-5ea6-4145-9d32-afb8fc1a4450,,,2026-05-02 15:15:50.447,654c0e79-a30e-4bd2-9100-085379d1e8ae,1.0,[],654c0e79-a30e-4bd2-9100-085379d1e8ae,False,1.0,4e726ef2-b58c-4e32-b4ef-f7d35150db22,normal,"{""gst_percentage"": 18.0, ""is_tax_applicable"": true, ""price_with_tax"": 15600.0012, ""price_per_unit"": 13220.34, ""is_tax_included"": false, ""is_tax_exempted"": false}",0.0,NOS,[],False,0.5HP 06/07 SUB MOTOR,,"{""gst_percentage"": 18.0, ""is_tax_applicable"": true, ""price_with_tax"": 11960.48, ""price_per_unit"": 10136.0, ""is_tax_included"": false, ""is_tax_exempted"": false}",0.5HP 06/07 SUB MOTOR,
,,good,,2024-11-20 07:44:46.258,[],,,,,2026-04-18 08:54:04.042,5754725f-a3d4-4717-b545-0d97f5a52e24,0.0,[],5754725f-a3d4-4717-b545-0d97f5a52e24,False,0.0,4e726ef2-b58c-4e32-b4ef-f7d35150db22,normal,"{""gst_percentage"": 18.0, ""is_tax_applicable"": true, ""price_with_tax"": 3400.0048, ""price_per_unit"": 2881.36, ""is_tax_included"": false, ""is_tax_exempted"": false}",0.0,NOS,[],False,0.5HP AMAZE-2 SMART MONOBLOCK,,"{""gst_percentage"": 18.0, ""is_tax_applicable"": true, ""price_with_tax"": 2698.542, ""price_per_unit"": 2286.9, ""is_tax_included"": false, ""is_tax_exempted"": false}",0.5HP AMAZE-2 SMART MONOBLOCK,
84137010,TEXMO MOTORS,good,,2024-04-19 13:52:10.688,[],,d18c480f-5ea6-4145-9d32-afb8fc1a4450,,,2024-06-06 08:01:54.346,38a6b91a-7434-4bff-983e-8b3cd6ecad79,0.0,[],38a6b91a-7434-4bff-983e-8b3cd6ecad79,False,0.0,4e726ef2-b58c-4e32-b4ef-f7d35150db22,normal,"{""gst_percentage"": 18.0, ""is_tax_applicable"": true, ""price_with_tax"": 4800.004, ""price_per_unit"": 4067.8, ""is_tax_included"": false, ""is_tax_exempted"": false}",0.0,NOS,[],False,0.5HP AQUA GOLD-2 MONO BLOCK,,"{""gst_percentage"": 18.0, ""is_tax_applicable"": true, ""price_with_tax"": 3997.84, ""price_per_unit"": 3388.0, ""is_tax_included"": false, ""is_tax_exempted"": false}",0.5HP AQUA GOLD-2 MONO BLOCK 84137010,
84137010,TEXMO MOTORS,good,,2024-04-19 14:35:51.393,[],,d18c480f-5ea6-4145-9d32-afb8fc1a4450,,,2026-05-02 08:02:49.447,003c6c13-eee2-48c9-92d1-a99c02ed7384,2.0,[],003c6c13-eee2-48c9-92d1-a99c02ed7384,False,2.0,4e726ef2-b58c-4e32-b4ef-f7d35150db22,normal,"{""gst_percentage"": 18.0, ""is_tax_applicable"": true, ""price_with_tax"": 3699.9962, ""price_per_unit"": 3135.59, ""is_tax_included"": false, ""is_tax_exempted"": false}",0.0,NOS,[],False,0.5HP AQUAMINI2-JR MONO BOCK,,"{""gst_percentage"": 18.0, ""is_tax_applicable"": true, ""price_with_tax"": 3161.928, ""price_per_unit"": 2679.6, ""is_tax_included"": false, ""is_tax_exempted"": false}",0.5HP AQUAMINI2-JR MONO BOCK 84137010,
,TEXMO MOTORS,good,,2024-07-15 07:44:16.981,[],,d18c480f-5ea6-4145-9d32-afb8fc1a4450,,,2026-01-05 15:33:05.061,e1419deb-bfb7-4d62-a371-997080045fe9,1.0,[],e1419deb-bfb7-4d62-a371-997080045fe9,False,1.0,4e726ef2-b58c-4e32-b4ef-f7d35150db22,normal,"{""gst_percentage"": 18.0, ""is_tax_applicable"": true, ""price_with_tax"": 7076.2948, ""price_per_unit"": 5996.86, ""is_tax_included"": false, ""is_tax_exempted"": false}",0.0,NOS,[],False,0.5HP DMS02 MONO BLOCK,,"{""gst_percentage"": 18.0, ""is_tax_applicable"": true, ""price_with_tax"": 8350.034, ""price_per_unit"": 7076.3, ""is_tax_included"": false, ""is_tax_exempted"": false}",0.5HP DMS02 MONO BLOCK,
84137010,TEXMO MOTORS,good,,2024-04-19 14:35:51.393,[],,d18c480f-5ea6-4145-9d32-afb8fc1a4450,,,2025-07-12 06:10:45.358,e69f797f-2d3a-4a39-b44f-90775f8521b0,0.0,[],e69f797f-2d3a-4a39-b44f-90775f8521b0,False,0.0,4e726ef2-b58c-4e32-b4ef-f7d35150db22,normal,"{""gst_percentage"": 18.0, ""is_tax_applicable"": true, ""price_with_tax"": 7800.0006, ""price_per_unit"": 6610.17, ""is_tax_included"": false, ""is_tax_exempted"": false}",0.0,NOS,[],False,0.5HP DMS02N MONO BLOCK,,"{""gst_percentage"": 18.0, ""is_tax_applicable"": true, ""price_with_tax"": 6614.608, ""price_per_unit"": 5605.6, ""is_tax_included"": false, ""is_tax_exempted"": false}",0.5HP DMS02N MONO BLOCK 84137010,
84137010,TEXMO MOTORS,good,,2024-04-19 14:13:47.608,[],,d18c480f-5ea6-4145-9d32-afb8fc1a4450,,,2026-05-02 07:51:01.546,80f99b47-38f9-4833-80f2-b544b88e5097,3.0,[],80f99b47-38f9-4833-80f2-b544b88e5097,False,3.0,4e726ef2-b58c-4e32-b4ef-f7d35150db22,normal,"{""gst_percentage"": 18.0, ""is_tax_applicable"": true, ""price_with_tax"": 12499.9996, ""price_per_unit"": 10593.22, ""is_tax_included"": false, ""is_tax_exempted"": false}",0.0,NOS,[],False,0.5HP F08 SUB MOTOR,,"{""gst_percentage"": 18.0, ""is_tax_applicable"": true, ""price_with_tax"": 8486.56, ""price_per_unit"": 7192.0, ""is_tax_included"": false, ""is_tax_exempted"": false}",0.5HP F08 SUB MOTOR 84137010,
84137010,TEXMO MOTORS,good,,2024-04-19 14:35:51.394,[],,d18c480f-5ea6-4145-9d32-afb8fc1a4450,,,2026-05-02 07:12:36.702,484c427f-e408-4df8-88c1-fa32786eeaf9,2.0,[],484c427f-e408-4df8-88c1-fa32786eeaf9,False,2.0,4e726ef2-b58c-4e32-b4ef-f7d35150db22,normal,"{""gst_percentage"": 18.0, ""is_tax_applicable"": true, ""price_with_tax"": 7800.0006, ""price_per_unit"": 6610.17, ""is_tax_included"": false, ""is_tax_exempted"": false}",0.0,NOS,[],False,0.5HP HCS425 MONO BLOCK,,"{""gst_percentage"": 18.0, ""is_tax_applicable"": true, ""price_with_tax"": 6051.04, ""price_per_unit"": 5128.0, ""is_tax_included"": false, ""is_tax_exempted"": false}",0.5HP HCS425 MONO BLOCK 84137010,
,TEXMO MOTORS,good,,2026-01-05 18:01:25.509,[],,d18c480f-5ea6-4145-9d32-afb8fc1a4450,,,2026-05-02 07:39:30.925,4b31c308-caa5-44b2-828a-04fbe7d82532,0.0,[],4b31c308-caa5-44b2-828a-04fbe7d82532,False,0.0,4e726ef2-b58c-4e32-b4ef-f7d35150db22,normal,"{""gst_percentage"": 0.0, ""is_tax_applicable"": false, ""price_with_tax"": 0.0, ""price_per_unit"": 0.0, ""is_tax_included"": true, ""is_tax_exempted"": false}",0.0,NOS,[],False,0.5HP JET MONO BLOCK,,"{""gst_percentage"": 0.0, ""is_tax_applicable"": false, ""price_with_tax"": 8761.78, ""price_per_unit"": 8761.78, ""is_tax_included"": true, ""is_tax_exempted"": false}",0.5HP JET MONO BLOCK,
,,good,,2024-04-23 12:08:10.005,[],,,,,2024-04-23 12:08:10.005,9a8094bf-af85-4e55-ab15-3dc524e6012c,2.0,[],9a8094bf-af85-4e55-ab15-3dc524e6012c,False,2.0,4e726ef2-b58c-4e32-b4ef-f7d35150db22,normal,"{""gst_percentage"": 18.0, ""is_tax_applicable"": true, ""price_with_tax"": 0.0, ""price_per_unit"": 0.0, ""is_tax_included"": false, ""is_tax_exempted"": false}",0.0,NOS,[],False,0.5HP MONO BLOCK -SILVER,,"{""gst_percentage"": 18.0, ""is_tax_applicable"": true, ""price_with_tax"": 2499.9952, ""price_per_unit"": 2118.64, ""is_tax_included"": false, ""is_tax_exempted"": false}",0.5HP MONO BLOCK -SILVER,
,TEXMO MOTORS,good,,2024-08-30 12:13:27.878,[],,d18c480f-5ea6-4145-9d32-afb8fc1a4450,,,2026-05-02 05:43:23.873,fa5698ab-f04b-4ad5-99cb-4959acc9bf5f,0.0,[],fa5698ab-f04b-4ad5-99cb-4959acc9bf5f,False,0.0,4e726ef2-b58c-4e32-b4ef-f7d35150db22,normal,"{""gst_percentage"": 18.0, ""is_tax_applicable"": true, ""price_with_tax"": 6299.9964, ""price_per_unit"": 5338.98, ""is_tax_included"": false, ""is_tax_exempted"": false}",0.0,NOS,[],False,0.5HP MONO BLOCK SHR-4,,"{""gst_percentage"": 18.0, ""is_tax_applicable"": true, ""price_with_tax"": 4979.128, ""price_per_unit"": 4219.6, ""is_tax_included"": false, ""is_tax_exempted"": false}",0.5HP MONO BLOCK SHR-4,
85369020,TEXMO MOTORS,good,,2024-04-19 14:35:51.396,[],,d18c480f-5ea6-4145-9d32-afb8fc1a4450,,,2026-05-02 07:51:01.547,191d7267-5a5e-465d-856c-756fb2a5ecc6,0.0,[],191d7267-5a5e-465d-856c-756fb2a5ecc6,False,0.0,4e726ef2-b58c-4e32-b4ef-f7d35150db22,normal,"{""gst_percentage"": 18.0, ""is_tax_applicable"": true, ""price_with_tax"": 2999.9966, ""price_per_unit"": 2542.37, ""is_tax_included"": false, ""is_tax_exempted"": false}",0.0,NOS,[],False,0.5HP PANNEL BOARD,,"{""gst_percentage"": 18.0, ""is_tax_applicable"": true, ""price_with_tax"": 2218.4, ""price_per_unit"": 1880.0, ""is_tax_included"": false, ""is_tax_exempted"": false}",0.5HP PANNEL BOARD 85369020,
,,good,,2025-03-04 06:58:38.328,[],,,,,2025-06-20 11:48:25.540,5eb11d4b-4366-4283-aa4a-4bda11808450,0.0,[],5eb11d4b-4366-4283-aa4a-4bda11808450,False,0.0,4e726ef2-b58c-4e32-b4ef-f7d35150db22,normal,"{""gst_percentage"": 18.0, ""is_tax_applicable"": true, ""price_with_tax"": 2900.0034, ""price_per_unit"": 2457.63, ""is_tax_included"": false, ""is_tax_exempted"": false}",0.0,NOS,[],False,0.5HP PANNEL BOARD- BRIGHT,,"{""gst_percentage"": 18.0, ""is_tax_applicable"": true, ""price_with_tax"": 2242.0, ""price_per_unit"": 1900.0, ""is_tax_included"": false, ""is_tax_exempted"": false}",0.5HP PANNEL BOARD- BRIGHT,
,HDPE PIPE,good,,2024-07-02 14:29:02.011,[],,71b9cb2f-ec91-42cf-b174-d84bb1151556,,,2026-01-06 13:37:11.122,1acc8562-fee7-4ff1-bf8f-6427302f8a9b,-89.0,[],1acc8562-fee7-4ff1-bf8f-6427302f8a9b,False,-89.0,4e726ef2-b58c-4e32-b4ef-f7d35150db22,normal,"{""gst_percentage"": 18.0, ""is_tax_applicable"": true, ""price_with_tax"": 175.0058, ""price_per_unit"": 148.31, ""is_tax_included"": false, ""is_tax_exempted"": false}",0.0,MTR,[],False,"1 1/2"" 12.5 HDPE PIPE",,"{""gst_percentage"": 18.0, ""is_tax_applicable"": true, ""price_with_tax"": 110.3536, ""price_per_unit"": 93.52, ""is_tax_included"": false, ""is_tax_exempted"": false}","1 1/2"" 12.5 HDPE PIPE",
,,good,,2024-07-02 14:29:54.633,[],,,,,2026-01-06 14:06:47.105,ec5b713a-2ba4-4597-a8b1-adf94c54d1f4,5.0,[],ec5b713a-2ba4-4597-a8b1-adf94c54d1f4,False,5.0,4e726ef2-b58c-4e32-b4ef-f7d35150db22,normal,"{""gst_percentage"": 18.0, ""is_tax_applicable"": true, ""price_with_tax"": 450.0048, ""price_per_unit"": 381.36, ""is_tax_included"": false, ""is_tax_exempted"": false}",0.0,NOS,[],False,"1 1/2"" GI CLAMP SET",,"{""gst_percentage"": 18.0, ""is_tax_applicable"": true, ""price_with_tax"": 472.0, ""price_per_unit"": 400.0, ""is_tax_included"": false, ""is_tax_exempted"": false}","1 1/2"" GI CLAMP SET",
,HDPE PIPE,good,,2024-07-12 15:23:40.106,[],,71b9cb2f-ec91-42cf-b174-d84bb1151556,,,2024-07-20 08:51:18.716,c7fa760b-3bb1-41db-a40f-2cbc519a22c6,0.0,[],c7fa760b-3bb1-41db-a40f-2cbc519a22c6,False,0.0,4e726ef2-b58c-4e32-b4ef-f7d35150db22,normal,"{""gst_percentage"": 18.0, ""is_tax_applicable"": true, ""price_with_tax"": 115.0028, ""price_per_unit"": 97.46, ""is_tax_included"": false, ""is_tax_exempted"": false}",0.0,MTR,[],False,"1 1/4"" 12.5 HDPE PIPE",,"{""gst_percentage"": 18.0, ""is_tax_applicable"": true, ""price_with_tax"": 71.3664, ""price_per_unit"": 60.48, ""is_tax_included"": false, ""is_tax_exempted"": false}","1 1/4"" 12.5 HDPE PIPE",
,,good,,2024-04-23 08:43:38.466,[],,,,,2026-05-02 08:01:17.460,2eec0766-3747-4ef7-a2d4-c3d7593c26ef,0.0,[],2eec0766-3747-4ef7-a2d4-c3d7593c26ef,False,0.0,4e726ef2-b58c-4e32-b4ef-f7d35150db22,normal,"{""gst_percentage"": 18.0, ""is_tax_applicable"": true, ""price_with_tax"": 25.0042, ""price_per_unit"": 21.19, ""is_tax_included"": false, ""is_tax_exempted"": false}",0.0,NOS,[],False,"1"" - 3/4"" GI BEND",,"{""gst_percentage"": 18.0, ""is_tax_applicable"": true, ""price_with_tax"": 35.3764, ""price_per_unit"": 29.98, ""is_tax_included"": false, ""is_tax_exempted"": false}","1"" - 3/4"" GI BEND",
,,good,,2026-01-05 18:27:04.079,[],,,,,2026-05-02 08:02:49.451,3c0d8987-6c21-4857-b6ef-2adc39448a89,2.0,[],3c0d8987-6c21-4857-b6ef-2adc39448a89,False,2.0,4e726ef2-b58c-4e32-b4ef-f7d35150db22,normal,"{""gst_percentage"": 0.0, ""is_tax_applicable"": false, ""price_with_tax"": 60.0, ""price_per_unit"": 60.0, ""is_tax_included"": true, ""is_tax_exempted"": false}",0.0,NOS,[],False,"1"" GI ELBOW",,"{""gst_percentage"": 0.0, ""is_tax_applicable"": false, ""price_with_tax"": 35.0, ""price_per_unit"": 35.0, ""is_tax_included"": true, ""is_tax_exempted"": false}","1"" GI ELBOW",
,,good,,2024-04-23 08:43:38.467,[],,,,,2025-07-12 07:10:58.243,1d439e63-56da-46e4-97ec-5e95a10a38f1,0.0,[],1d439e63-56da-46e4-97ec-5e95a10a38f1,False,0.0,4e726ef2-b58c-4e32-b4ef-f7d35150db22,normal,"{""gst_percentage"": 18.0, ""is_tax_applicable"": true, ""price_with_tax"": 45.0052, ""price_per_unit"": 38.14, ""is_tax_included"": false, ""is_tax_exempted"": false}",0.0,NOS,[],False,"1"" GI REDUCURE",,"{""gst_percentage"": 18.0, ""is_tax_applicable"": true, ""price_with_tax"": 35.3764, ""price_per_unit"": 29.98, ""is_tax_included"": false, ""is_tax_exempted"": false}","1"" GI REDUCURE",
,,good,,2026-05-02 07:52:57.890,[],,,,,2026-05-02 07:52:57.890,ca970b4c-6648-459f-b9cc-cb05d0a3bf04,0.0,[],ca970b4c-6648-459f-b9cc-cb05d0a3bf04,False,0.0,4e726ef2-b58c-4e32-b4ef-f7d35150db22,normal,"{""gst_percentage"": 0.0, ""is_tax_applicable"": false, ""price_with_tax"": 0.0, ""price_per_unit"": 0.0, ""is_tax_included"": true, ""is_tax_exempted"": false}",0.0,PCS,[],False,"1"" GI SOCKET/BEND",,"{""gst_percentage"": 0.0, ""is_tax_applicable"": false, ""price_with_tax"": 0.0, ""price_per_unit"": 0.0, ""is_tax_included"": true, ""is_tax_exempted"": false}","1"" GI SOCKET/BEND",
,,good,,2025-03-04 13:13:32.953,[],,,,,2026-05-02 13:50:14.041,b74fb520-5161-463d-b9ed-40bcd02df235,11.0,[],b74fb520-5161-463d-b9ed-40bcd02df235,False,11.0,4e726ef2-b58c-4e32-b4ef-f7d35150db22,normal,"{""gst_percentage"": 18.0, ""is_tax_applicable"": true, ""price_with_tax"": 49.9966, ""price_per_unit"": 42.37, ""is_tax_included"": false, ""is_tax_exempted"": false}",0.0,NOS,[],False,"1"" GI SOCKET/BEND",,"{""gst_percentage"": 18.0, ""is_tax_applicable"": true, ""price_with_tax"": 23.482, ""price_per_unit"": 19.9, ""is_tax_included"": false, ""is_tax_exempted"": false}","1"" GI SOCKET/BEND",
,HDPE PIPE,good,,2024-12-20 14:23:58.705,[],,71b9cb2f-ec91-42cf-b174-d84bb1151556,,,2026-05-02 13:50:14.027,bfa2d69a-fb04-4d87-82d9-c29cec208a1f,1290.0,[],bfa2d69a-fb04-4d87-82d9-c29cec208a1f,False,1290.0,4e726ef2-b58c-4e32-b4ef-f7d35150db22,normal,"{""gst_percentage"": 18.0, ""is_tax_applicable"": true, ""price_with_tax"": 64.9944, ""price_per_unit"": 55.08, ""is_tax_included"": false, ""is_tax_exempted"": false}",0.0,MTR,[],False,"1"" HDPE 100-10",,"{""gst_percentage"": 18.0, ""is_tax_applicable"": true, ""price_with_tax"": 37.6656, ""price_per_unit"": 31.92, ""is_tax_included"": false, ""is_tax_exempted"": false}","1"" HDPE 100-10",
,HDPE PIPE,good,,2024-04-23 06:16:30.612,[],,71b9cb2f-ec91-42cf-b174-d84bb1151556,,,2026-01-06 12:35:54.540,c5141ecb-8a67-48b8-85aa-8c0fd5617a2a,556.0,[],c5141ecb-8a67-48b8-85aa-8c0fd5617a2a,False,556.0,4e726ef2-b58c-4e32-b4ef-f7d35150db22,normal,"{""gst_percentage"": 18.0, ""is_tax_applicable"": true, ""price_with_tax"": 80.0, ""price_per_unit"": 80.0, ""is_tax_included"": true, ""is_tax_exempted"": false}",0.0,MTR,[],False,"1"" HDPE PIPE",,"{""gst_percentage"": 18.0, ""is_tax_applicable"": true, ""price_with_tax"": 44.9344, ""price_per_unit"": 38.08, ""is_tax_included"": false, ""is_tax_exempted"": false}","1"" HDPE PIPE",
,HDPE PIPE,good,,2026-01-26 07:11:31.624,[],,71b9cb2f-ec91-42cf-b174-d84bb1151556,,,2026-05-02 07:54:09.890,b40d4557-8945-43f2-b261-face63c7a312,58.0,[],b40d4557-8945-43f2-b261-face63c7a312,False,58.0,4e726ef2-b58c-4e32-b4ef-f7d35150db22,normal,"{""gst_percentage"": 18.0, ""is_tax_applicable"": true, ""price_with_tax"": 75.0008, ""price_per_unit"": 63.56, ""is_tax_included"": false, ""is_tax_exempted"": false}",0.0,MTR,[],False,"1"" HDPE PIPE 12.5 - OSIAN",,"{""gst_percentage"": 18.0, ""is_tax_applicable"": true, ""price_with_tax"": 36.58, ""price_per_unit"": 31.0, ""is_tax_included"": false, ""is_tax_exempted"": false}","1"" HDPE PIPE 12.5 - OSIAN",
,,good,,2026-04-20 06:40:15.306,[],,,,,2026-04-20 06:40:27.662,e5e08cf7-bab3-4959-92a6-f7dc8e98bdc3,600.0,[],e5e08cf7-bab3-4959-92a6-f7dc8e98bdc3,False,600.0,4e726ef2-b58c-4e32-b4ef-f7d35150db22,normal,"{""gst_percentage"": 18.0, ""is_tax_applicable"": true, ""price_with_tax"": 0.0, ""price_per_unit"": 0.0, ""is_tax_included"": false, ""is_tax_exempted"": false}",0.0,MTR,[],False,"1"" HDPE PIPE 12.5 - OSIAN(NEW)",,"{""gst_percentage"": 18.0, ""is_tax_applicable"": true, ""price_with_tax"": 44.84, ""price_per_unit"": 38.0, ""is_tax_included"": false, ""is_tax_exempted"": false}","1"" HDPE PIPE 12.5 - OSIAN(NEW)",
,,good,,2024-04-23 08:43:38.463,[],,,,,2026-03-21 08:18:30.120,ea343912-e715-4ae7-a2d7-91ae8267494e,11.0,[],ea343912-e715-4ae7-a2d7-91ae8267494e,False,11.0,4e726ef2-b58c-4e32-b4ef-f7d35150db22,normal,"{""gst_percentage"": 18.0, ""is_tax_applicable"": true, ""price_with_tax"": 20.001, ""price_per_unit"": 16.95, ""is_tax_included"": false, ""is_tax_exempted"": false}",0.0,NOS,[],False,"1"" HOSE CLAMP",,"{""gst_percentage"": 18.0, ""is_tax_applicable"": true, ""price_with_tax"": 11.21, ""price_per_unit"": 9.5, ""is_tax_included"": false, ""is_tax_exempted"": false}","1"" HOSE CLAMP",
,,good,,2024-04-23 08:43:38.464,[],,,,,2026-05-02 13:50:14.043,12fdcd7a-7848-4b4a-9d87-50967995c8b7,0.0,[],12fdcd7a-7848-4b4a-9d87-50967995c8b7,False,0.0,4e726ef2-b58c-4e32-b4ef-f7d35150db22,normal,"{""gst_percentage"": 18.0, ""is_tax_applicable"": true, ""price_with_tax"": 9.9946, ""price_per_unit"": 8.47, ""is_tax_included"": false, ""is_tax_exempted"": false}",0.0,NOS,[],False,"1"" HOSE NIPPLE",,"{""gst_percentage"": 18.0, ""is_tax_applicable"": true, ""price_with_tax"": 29.5, ""price_per_unit"": 25.0, ""is_tax_included"": false, ""is_tax_exempted"": false}","1"" HOSE NIPPLE",
,,good,,2024-04-23 11:54:48.177,[],,,,,2026-05-02 05:45:21.968,e2828e76-b100-41d3-9cc0-7e4758913280,22.0,[],e2828e76-b100-41d3-9cc0-7e4758913280,False,22.0,4e726ef2-b58c-4e32-b4ef-f7d35150db22,normal,"{""gst_percentage"": 18.0, ""is_tax_applicable"": true, ""price_with_tax"": 64.9944, ""price_per_unit"": 55.08, ""is_tax_included"": false, ""is_tax_exempted"": false}",0.0,MTR,[],False,"1"" HOSE PIPE",,"{""gst_percentage"": 18.0, ""is_tax_applicable"": true, ""price_with_tax"": 28.8274, ""price_per_unit"": 24.43, ""is_tax_included"": false, ""is_tax_exempted"": false}","1"" HOSE PIPE",
,,good,,2024-06-19 12:39:47.224,[],,,,,2025-07-19 14:23:24.865,e4343745-41b5-4288-9232-da016cedc8d3,4.0,[],e4343745-41b5-4288-9232-da016cedc8d3,False,4.0,4e726ef2-b58c-4e32-b4ef-f7d35150db22,normal,"{""gst_percentage"": 18.0, ""is_tax_applicable"": true, ""price_with_tax"": 350.0, ""price_per_unit"": 350.0, ""is_tax_included"": true, ""is_tax_exempted"": false}",0.0,NOS,[],False,"1"" JOINT NIPPLE",,"{""gst_percentage"": 18.0, ""is_tax_applicable"": true, ""price_with_tax"": 115.25, ""price_per_unit"": 115.25, ""is_tax_included"": true, ""is_tax_exempted"": false}","1"" JOINT NIPPLE",
,,good,,2024-04-23 12:08:10.002,[],,,,,2026-05-02 13:50:14.031,159aa107-e92f-4273-b3c3-46f7d9e78b92,51.0,[],159aa107-e92f-4273-b3c3-46f7d9e78b92,False,51.0,4e726ef2-b58c-4e32-b4ef-f7d35150db22,normal,"{""gst_percentage"": 18.0, ""is_tax_applicable"": true, ""price_with_tax"": 249.9948, ""price_per_unit"": 211.86, ""is_tax_included"": false, ""is_tax_exempted"": false}",0.0,NOS,[],False,"1"" SS CLAMP SET",,"{""gst_percentage"": 18.0, ""is_tax_applicable"": true, ""price_with_tax"": 139.9952, ""price_per_unit"": 118.64, ""is_tax_included"": false, ""is_tax_exempted"": false}","1"" SS CLAMP SET",
,,good,,2024-04-23 11:54:48.175,[],,,,,2026-05-02 13:50:14.033,1cd43ef8-b537-42e7-92ce-339f5e3a0219,43.0,[],1cd43ef8-b537-42e7-92ce-339f5e3a0219,False,43.0,4e726ef2-b58c-4e32-b4ef-f7d35150db22,normal,"{""gst_percentage"": 18.0, ""is_tax_applicable"": true, ""price_with_tax"": 349.9998, ""price_per_unit"": 296.61, ""is_tax_included"": false, ""is_tax_exempted"": false}",0.0,NOS,[],False,"1"" SS NIPPLE",,"{""gst_percentage"": 18.0, ""is_tax_applicable"": true, ""price_with_tax"": 131.6644, ""price_per_unit"": 111.58, ""is_tax_included"": false, ""is_tax_exempted"": false}","1"" SS NIPPLE",
,,good,,2024-04-23 11:54:48.175,[],,,,,2026-05-02 13:50:14.034,e7f3ab8e-d8b2-4637-82be-f3c169fe2445,0.0,[],e7f3ab8e-d8b2-4637-82be-f3c169fe2445,False,0.0,4e726ef2-b58c-4e32-b4ef-f7d35150db22,normal,"{""gst_percentage"": 18.0, ""is_tax_applicable"": true, ""price_with_tax"": 150.0016, ""price_per_unit"": 127.12, ""is_tax_included"": false, ""is_tax_exempted"": false}",0.0,NOS,[],False,"1"" TO 1 1/4"" SS REDUCURE BUSH",,"{""gst_percentage"": 18.0, ""is_tax_applicable"": true, ""price_with_tax"": 60.003, ""price_per_unit"": 50.85, ""is_tax_included"": false, ""is_tax_exempted"": false}","1"" TO 1 1/4"" SS REDUCURE BUSH",
7318,,good,,2026-04-20 05:28:02.630,[],,,,,2026-05-02 07:46:08.781,10ecc766-d72d-4abe-8dd0-dfbc77b5d118,15.0,[],10ecc766-d72d-4abe-8dd0-dfbc77b5d118,False,15.0,4e726ef2-b58c-4e32-b4ef-f7d35150db22,normal,"{""gst_percentage"": 18.0, ""is_tax_applicable"": true, ""price_with_tax"": 199.9982, ""price_per_unit"": 169.49, ""is_tax_included"": false, ""is_tax_exempted"": false}",0.0,NOS,[],False,"1"" TO 1 1/4"" SS REDUCURE BUSH NEW",,"{""gst_percentage"": 18.0, ""is_tax_applicable"": true, ""price_with_tax"": 47.2, ""price_per_unit"": 40.0, ""is_tax_included"": false, ""is_tax_exempted"": false}","1"" TO 1 1/4"" SS REDUCURE BUSH NEW 7318",
,,good,,2024-05-02 11:48:27.441,[],,,,,2025-05-21 11:27:24.938,a09a01a9-02ff-4b6c-84cf-178a23e0eebf,0.0,[],a09a01a9-02ff-4b6c-84cf-178a23e0eebf,False,0.0,4e726ef2-b58c-4e32-b4ef-f7d35150db22,normal,"{""gst_percentage"": 18.0, ""is_tax_applicable"": true, ""price_with_tax"": 40.002, ""price_per_unit"": 33.9, ""is_tax_included"": false, ""is_tax_exempted"": false}",0.0,NOS,[],False,"1"" TO 1/2"" RED SOCKET",,"{""gst_percentage"": 18.0, ""is_tax_applicable"": true, ""price_with_tax"": 23.482, ""price_per_unit"": 19.9, ""is_tax_included"": false, ""is_tax_exempted"": false}","1"" TO 1/2"" RED SOCKET",
,,good,,2024-05-02 11:47:50.342,[],,,,,2026-05-02 08:05:00.844,3cc3370f-a127-42e5-bd2d-83fdaa2dc2f1,-4.0,[],3cc3370f-a127-42e5-bd2d-83fdaa2dc2f1,False,-4.0,4e726ef2-b58c-4e32-b4ef-f7d35150db22,normal,"{""gst_percentage"": 18.0, ""is_tax_applicable"": true, ""price_with_tax"": 49.9966, ""price_per_unit"": 42.37, ""is_tax_included"": false, ""is_tax_exempted"": false}",0.0,NOS,[],False,"1"" TO 3/4"" RED SOCKET",,"{""gst_percentage"": 18.0, ""is_tax_applicable"": true, ""price_with_tax"": 23.482, ""price_per_unit"": 19.9, ""is_tax_included"": false, ""is_tax_exempted"": false}","1"" TO 3/4"" RED SOCKET",
,,good,,2024-04-23 12:08:10.005,[],,,,,2025-03-31 12:23:47.204,462037b2-1ca7-4351-8931-89481ffb4bdb,0.0,[],462037b2-1ca7-4351-8931-89481ffb4bdb,False,0.0,4e726ef2-b58c-4e32-b4ef-f7d35150db22,normal,"{""gst_percentage"": 18.0, ""is_tax_applicable"": true, ""price_with_tax"": 1299.9942, ""price_per_unit"": 1101.69, ""is_tax_included"": false, ""is_tax_exempted"": false}",0.0,NOS,[],False,"1"" WATER PIPE (NORMAL)",,"{""gst_percentage"": 18.0, ""is_tax_applicable"": true, ""price_with_tax"": 1099.996, ""price_per_unit"": 932.2, ""is_tax_included"": false, ""is_tax_exempted"": false}","1"" WATER PIPE (NORMAL)",
,,good,,2025-06-03 06:09:52.622,[],,,,,2026-05-02 08:04:09.728,495ef314-ef38-424e-906e-cad34d32e0e3,0.0,[],495ef314-ef38-424e-906e-cad34d32e0e3,False,0.0,4e726ef2-b58c-4e32-b4ef-f7d35150db22,normal,"{""gst_percentage"": 18.0, ""is_tax_applicable"": true, ""price_with_tax"": 1000.0028, ""price_per_unit"": 847.46, ""is_tax_included"": false, ""is_tax_exempted"": false}",0.0,NOS,[],False,"1"" WATER PIPE MILKY COLOURS - ALPHA",,"{""gst_percentage"": 18.0, ""is_tax_applicable"": true, ""price_with_tax"": 721.452, ""price_per_unit"": 611.4, ""is_tax_included"": false, ""is_tax_exempted"": false}","1"" WATER PIPE MILKY COLOURS - ALPHA",
,,good,,2024-04-23 08:43:38.464,[],,,,,2025-03-03 10:49:43.513,5bbf2330-05db-4768-a272-e89c5aab6329,0.0,[],5bbf2330-05db-4768-a272-e89c5aab6329,False,0.0,4e726ef2-b58c-4e32-b4ef-f7d35150db22,normal,"{""gst_percentage"": 18.0, ""is_tax_applicable"": true, ""price_with_tax"": 1099.996, ""price_per_unit"": 932.2, ""is_tax_included"": false, ""is_tax_exempted"": false}",0.0,NOS,[],False,"1"" WATER PIPE RATNA 30MTR'S",,"{""gst_percentage"": 18.0, ""is_tax_applicable"": true, ""price_with_tax"": 894.145, ""price_per_unit"": 757.75, ""is_tax_included"": false, ""is_tax_exempted"": false}","1"" WATER PIPE RATNA 30MTR'S",
,,good,,2025-06-03 06:08:50.954,[],,,,,2025-06-20 15:20:23.343,cb939e82-06d0-4708-99c2-577ec3bd4914,3.0,[],cb939e82-06d0-4708-99c2-577ec3bd4914,False,3.0,4e726ef2-b58c-4e32-b4ef-f7d35150db22,normal,"{""gst_percentage"": 18.0, ""is_tax_applicable"": true, ""price_with_tax"": 0.0, ""price_per_unit"": 0.0, ""is_tax_included"": false, ""is_tax_exempted"": false}",0.0,NOS,[],False,"1"" WATER PIPE TREAD  WHITE- ALPHA",,"{""gst_percentage"": 18.0, ""is_tax_applicable"": true, ""price_with_tax"": 1015.2012, ""price_per_unit"": 860.34, ""is_tax_included"": false, ""is_tax_exempted"": false}","1"" WATER PIPE TREAD  WHITE- ALPHA",
,,good,,2024-04-24 11:54:22.512,[],,,,,2026-05-02 08:04:09.894,30cea5a3-3d34-463e-9f1e-060f4e3000cd,4.0,[],30cea5a3-3d34-463e-9f1e-060f4e3000cd,False,4.0,4e726ef2-b58c-4e32-b4ef-f7d35150db22,normal,"{""gst_percentage"": 18.0, ""is_tax_applicable"": true, ""price_with_tax"": 899.9978, ""price_per_unit"": 762.71, ""is_tax_included"": false, ""is_tax_exempted"": false}",0.0,NOS,[],False,"1"" WATER PIPE TREAD - ALPHA",,"{""gst_percentage"": 18.0, ""is_tax_applicable"": true, ""price_with_tax"": 540.0152, ""price_per_unit"": 457.64, ""is_tax_included"": false, ""is_tax_exempted"": false}","1"" WATER PIPE TREAD - ALPHA",
,,good,,2024-04-23 08:43:38.466,[],,,,,2026-05-02 08:02:49.448,4f3b70fc-4351-4a2d-9d40-7ecbfa3f1d45,-1.0,[],4f3b70fc-4351-4a2d-9d40-7ecbfa3f1d45,False,-1.0,4e726ef2-b58c-4e32-b4ef-f7d35150db22,normal,"{""gst_percentage"": 18.0, ""is_tax_applicable"": true, ""price_with_tax"": 45.0052, ""price_per_unit"": 38.14, ""is_tax_included"": false, ""is_tax_exempted"": false}",0.0,NOS,[],False,"1""- 6"" GI NIPPLE",,"{""gst_percentage"": 18.0, ""is_tax_applicable"": true, ""price_with_tax"": 35.3764, ""price_per_unit"": 29.98, ""is_tax_included"": false, ""is_tax_exempted"": false}","1""- 6"" GI NIPPLE",
84137010,TEXMO MOTORS,good,,2024-04-19 13:52:10.682,[],,d18c480f-5ea6-4145-9d32-afb8fc1a4450,,,2026-01-06 12:45:31.341,b2b44839-a7ad-419b-9ebc-330342850aa2,1.0,[],b2b44839-a7ad-419b-9ebc-330342850aa2,False,1.0,4e726ef2-b58c-4e32-b4ef-f7d35150db22,normal,"{""gst_percentage"": 18.0, ""is_tax_applicable"": true, ""price_with_tax"": 15999.9976, ""price_per_unit"": 13559.32, ""is_tax_included"": false, ""is_tax_exempted"": false}",0.0,NOS,[],False,1.0HP  3A/16 (V3) SUB MOTOR,,"{""gst_percentage"": 18.0, ""is_tax_applicable"": true, ""price_with_tax"": 11913.28, ""price_per_unit"": 10096.0, ""is_tax_included"": false, ""is_tax_exempted"": false}",1.0HP  3A/16 (V3) SUB MOTOR 84137010,
84137010,TEXMO MOTORS,good,,2024-04-19 13:52:10.683,[],,d18c480f-5ea6-4145-9d32-afb8fc1a4450,,,2026-01-06 12:21:02.575,a6193d75-e482-4ee2-9a84-7c9c64af95e6,0.0,[],a6193d75-e482-4ee2-9a84-7c9c64af95e6,False,0.0,4e726ef2-b58c-4e32-b4ef-f7d35150db22,normal,"{""gst_percentage"": 18.0, ""is_tax_applicable"": true, ""price_with_tax"": 15200.0048, ""price_per_unit"": 12881.36, ""is_tax_included"": false, ""is_tax_exempted"": false}",0.0,NOS,[],False,1.0HP  NSE 608 SUB MOTOR,,"{""gst_percentage"": 18.0, ""is_tax_applicable"": true, ""price_with_tax"": 12234.24, ""price_per_unit"": 10368.0, ""is_tax_included"": false, ""is_tax_exempted"": false}",1.0HP  NSE 608 SUB MOTOR 84137010,
84137010,TEXMO MOTORS,good,,2024-04-19 13:52:10.683,[],,d18c480f-5ea6-4145-9d32-afb8fc1a4450,,,2026-01-06 06:14:03.270,df497fe6-99b7-4a88-89f8-5815bdde9721,0.0,[],df497fe6-99b7-4a88-89f8-5815bdde9721,False,0.0,4e726ef2-b58c-4e32-b4ef-f7d35150db22,normal,"{""gst_percentage"": 18.0, ""is_tax_applicable"": true, ""price_with_tax"": 15600.0012, ""price_per_unit"": 13220.34, ""is_tax_included"": false, ""is_tax_exempted"": false}",0.0,NOS,[],False,1.0HP  T4/12 (V3) SUB MOTOR,,"{""gst_percentage"": 18.0, ""is_tax_applicable"": true, ""price_with_tax"": 11922.72, ""price_per_unit"": 10104.0, ""is_tax_included"": false, ""is_tax_exempted"": false}",1.0HP  T4/12 (V3) SUB MOTOR 84137010,
84137010,TEXMO MOTORS,good,,2024-04-19 13:52:10.688,[],,d18c480f-5ea6-4145-9d32-afb8fc1a4450,,,2026-01-05 18:09:26.134,5b6c343d-fbcb-4fac-bbee-6339afcb4128,1.0,[],5b6c343d-fbcb-4fac-bbee-6339afcb4128,False,1.0,4e726ef2-b58c-4e32-b4ef-f7d35150db22,normal,"{""gst_percentage"": 18.0, ""is_tax_applicable"": true, ""price_with_tax"": 12588.181, ""price_per_unit"": 10667.95, ""is_tax_included"": false, ""is_tax_exempted"": false}",0.0,NOS,[],False,1.0HP  TVJ1022B JET MOTOR,,"{""gst_percentage"": 18.0, ""is_tax_applicable"": true, ""price_with_tax"": 12588.181, ""price_per_unit"": 10667.95, ""is_tax_included"": false, ""is_tax_exempted"": false}",1.0HP  TVJ1022B JET MOTOR 84137010,
,TEXMO MOTORS,good,,2025-03-04 08:36:53.509,[],,d18c480f-5ea6-4145-9d32-afb8fc1a4450,,,2025-05-21 12:36:20.127,09fc3246-1f64-4e40-b218-19b092d82c8b,0.0,[],09fc3246-1f64-4e40-b218-19b092d82c8b,False,0.0,4e726ef2-b58c-4e32-b4ef-f7d35150db22,normal,"{""gst_percentage"": 18.0, ""is_tax_applicable"": true, ""price_with_tax"": 15999.9976, ""price_per_unit"": 13559.32, ""is_tax_included"": false, ""is_tax_exempted"": false}",0.0,NOS,[],False,1.0HP 8N/07 SUB MOTOR,,"{""gst_percentage"": 18.0, ""is_tax_applicable"": true, ""price_with_tax"": 13697.44, ""price_per_unit"": 11608.0, ""is_tax_included"": false, ""is_tax_exempted"": false}",1.0HP 8N/07 SUB MOTOR,
84137010,TEXMO MOTORS,good,,2024-04-19 14:13:47.609,[],,d18c480f-5ea6-4145-9d32-afb8fc1a4450,,,2025-03-31 07:52:07.374,a05a47ec-45e1-4f94-a63d-8b545077627e,0.0,[],a05a47ec-45e1-4f94-a63d-8b545077627e,False,0.0,4e726ef2-b58c-4e32-b4ef-f7d35150db22,normal,"{""gst_percentage"": 18.0, ""is_tax_applicable"": true, ""price_with_tax"": 12499.9996, ""price_per_unit"": 10593.22, ""is_tax_included"": false, ""is_tax_exempted"": false}",0.0,NOS,[],False,1.0HP A08 SUB MOTOR,,"{""gst_percentage"": 18.0, ""is_tax_applicable"": true, ""price_with_tax"": 9137.92, ""price_per_unit"": 7744.0, ""is_tax_included"": false, ""is_tax_exempted"": false}",1.0HP A08 SUB MOTOR 84137010,
84137010,TEXMO MOTORS,good,,2024-04-19 14:13:47.609,[],,d18c480f-5ea6-4145-9d32-afb8fc1a4450,,,2026-05-02 08:01:17.960,f1b3e56c-b833-4260-80d0-0df566d83693,2.0,[],f1b3e56c-b833-4260-80d0-0df566d83693,False,2.0,4e726ef2-b58c-4e32-b4ef-f7d35150db22,normal,"{""gst_percentage"": 18.0, ""is_tax_applicable"": true, ""price_with_tax"": 12499.9996, ""price_per_unit"": 10593.22, ""is_tax_included"": false, ""is_tax_exempted"": false}",0.0,NOS,[],False,1.0HP B10 SUB MOTOR,,"{""gst_percentage"": 18.0, ""is_tax_applicable"": true, ""price_with_tax"": 9336.16, ""price_per_unit"": 7912.0, ""is_tax_included"": false, ""is_tax_exempted"": false}",1.0HP B10 SUB MOTOR 84137010,
,,good,,2024-08-20 11:53:48.831,[],,,,,2025-04-01 11:52:15.929,793b2f62-951f-4ecd-b4a6-6742a46ea20e,1.0,[],793b2f62-951f-4ecd-b4a6-6742a46ea20e,False,1.0,4e726ef2-b58c-4e32-b4ef-f7d35150db22,normal,"{""gst_percentage"": 18.0, ""is_tax_applicable"": true, ""price_with_tax"": 6000.005, ""price_per_unit"": 5084.75, ""is_tax_included"": false, ""is_tax_exempted"": false}",0.0,NOS,[],False,1.0HP MOTOR -RELIANCE,,"{""gst_percentage"": 18.0, ""is_tax_applicable"": true, ""price_with_tax"": 5300.265, ""price_per_unit"": 4491.75, ""is_tax_included"": false, ""is_tax_exempted"": false}",1.0HP MOTOR -RELIANCE,
,TEXMO MOTORS,good,,2025-03-04 13:20:09.930,[],,d18c480f-5ea6-4145-9d32-afb8fc1a4450,,,2025-03-18 12:15:35.938,c1d37fbe-dce2-4396-8d90-47812c50898e,1.0,[],c1d37fbe-dce2-4396-8d90-47812c50898e,False,1.0,4e726ef2-b58c-4e32-b4ef-f7d35150db22,normal,"{""gst_percentage"": 18.0, ""is_tax_applicable"": true, ""price_with_tax"": 17599.995, ""price_per_unit"": 14915.25, ""is_tax_included"": false, ""is_tax_exempted"": false}",0.0,NOS,[],False,1.0HP NSE 215 SUB MOTOR,,"{""gst_percentage"": 18.0, ""is_tax_applicable"": true, ""price_with_tax"": 12923.36, ""price_per_unit"": 10952.0, ""is_tax_included"": false, ""is_tax_exempted"": false}",1.0HP NSE 215 SUB MOTOR,
,TEXMO MOTORS,good,,2025-03-04 08:30:07.500,[],,d18c480f-5ea6-4145-9d32-afb8fc1a4450,,,2025-05-13 06:27:00.199,db559782-e232-4944-8dcf-0183f82453d7,1.0,[],db559782-e232-4944-8dcf-0183f82453d7,False,1.0,4e726ef2-b58c-4e32-b4ef-f7d35150db22,normal,"{""gst_percentage"": 18.0, ""is_tax_applicable"": true, ""price_with_tax"": 15699.9944, ""price_per_unit"": 13305.08, ""is_tax_included"": false, ""is_tax_exempted"": false}",0.0,NOS,[],False,1.0HP NSE 412 SUB MOTOR,,"{""gst_percentage"": 18.0, ""is_tax_applicable"": true, ""price_with_tax"": 13074.4, ""price_per_unit"": 11080.0, ""is_tax_included"": false, ""is_tax_exempted"": false}",1.0HP NSE 412 SUB MOTOR,
,TEXMO MOTORS,good,,2024-04-24 12:39:31.931,[],,d18c480f-5ea6-4145-9d32-afb8fc1a4450,,,2026-04-18 06:24:27.229,2d5da5ec-7aa6-4e85-861d-66a8ef0b49ab,0.0,[],2d5da5ec-7aa6-4e85-861d-66a8ef0b49ab,False,0.0,4e726ef2-b58c-4e32-b4ef-f7d35150db22,normal,"{""gst_percentage"": 18.0, ""is_tax_applicable"": true, ""price_with_tax"": 19706.0, ""price_per_unit"": 16700.0, ""is_tax_included"": false, ""is_tax_exempted"": false}",0.0,NOS,[],False,1.0HP NSE 510 SUB MOTOR,,"{""gst_percentage"": 18.0, ""is_tax_applicable"": true, ""price_with_tax"": 12489.12, ""price_per_unit"": 10584.0, ""is_tax_included"": false, ""is_tax_exempted"": false}",1.0HP NSE 510 SUB MOTOR,
,TEXMO MOTORS,good,,2025-04-29 14:18:21.773,[],,d18c480f-5ea6-4145-9d32-afb8fc1a4450,,,2025-05-12 12:21:37.690,65f73719-4173-46a1-b737-bde69f5c2146,0.0,[],65f73719-4173-46a1-b737-bde69f5c2146,False,0.0,4e726ef2-b58c-4e32-b4ef-f7d35150db22,normal,"{""gst_percentage"": 18.0, ""is_tax_applicable"": true, ""price_with_tax"": 15499.9962, ""price_per_unit"": 13135.59, ""is_tax_included"": false, ""is_tax_exempted"": false}",0.0,NOS,[],False,1.0HP NSE 610 SUB MOTOR,,"{""gst_percentage"": 18.0, ""is_tax_applicable"": true, ""price_with_tax"": 13395.36, ""price_per_unit"": 11352.0, ""is_tax_included"": false, ""is_tax_exempted"": false}",1.0HP NSE 610 SUB MOTOR,
,TEXMO MOTORS,good,,2025-03-18 11:36:55.364,[],,d18c480f-5ea6-4145-9d32-afb8fc1a4450,,,2026-05-02 07:06:37.329,2f7d7bc7-9b17-43aa-b8fa-1c8f25cc5c0e,0.0,[],2f7d7bc7-9b17-43aa-b8fa-1c8f25cc5c0e,False,0.0,4e726ef2-b58c-4e32-b4ef-f7d35150db22,normal,"{""gst_percentage"": 18.0, ""is_tax_applicable"": true, ""price_with_tax"": 14449.9968, ""price_per_unit"": 12245.76, ""is_tax_included"": false, ""is_tax_exempted"": false}",0.0,NOS,[],False,1.0HP OPEN WELL ASMSP625 MOTOR,,"{""gst_percentage"": 18.0, ""is_tax_applicable"": true, ""price_with_tax"": 10223.52, ""price_per_unit"": 8664.0, ""is_tax_included"": false, ""is_tax_exempted"": false}",1.0HP OPEN WELL ASMSP625 MOTOR,
84137010,TEXMO MOTORS,good,,2024-04-19 14:35:51.395,[],,d18c480f-5ea6-4145-9d32-afb8fc1a4450,,,2025-06-30 13:40:28.934,452b7411-6cb6-4a3c-8533-121df36490e2,0.0,[],452b7411-6cb6-4a3c-8533-121df36490e2,False,0.0,4e726ef2-b58c-4e32-b4ef-f7d35150db22,normal,"{""gst_percentage"": 18.0, ""is_tax_applicable"": true, ""price_with_tax"": 10223.52, ""price_per_unit"": 8664.0, ""is_tax_included"": false, ""is_tax_exempted"": false}",0.0,NOS,[],False,1.0HP OPEN WELL SUB MOTOR,,"{""gst_percentage"": 18.0, ""is_tax_applicable"": true, ""price_with_tax"": 10223.52, ""price_per_unit"": 8664.0, ""is_tax_included"": false, ""is_tax_exempted"": false}",1.0HP OPEN WELL SUB MOTOR 84137010,
85369020,TEXMO MOTORS,good,,2024-04-19 14:35:51.396,[],,d18c480f-5ea6-4145-9d32-afb8fc1a4450,,,2026-05-02 15:15:50.449,a6438a08-3c0b-4b89-9a00-6d9b8481696a,11.0,[],a6438a08-3c0b-4b89-9a00-6d9b8481696a,False,11.0,4e726ef2-b58c-4e32-b4ef-f7d35150db22,normal,"{""gst_percentage"": 18.0, ""is_tax_applicable"": true, ""price_with_tax"": 3100.0016, ""price_per_unit"": 2627.12, ""is_tax_included"": false, ""is_tax_exempted"": false}",0.0,NOS,[],False,1.0HP PANNEL BOARD,,"{""gst_percentage"": 18.0, ""is_tax_applicable"": true, ""price_with_tax"": 2289.2, ""price_per_unit"": 1940.0, ""is_tax_included"": false, ""is_tax_exempted"": false}",1.0HP PANNEL BOARD 85369020,
,OSIAN,good,,2026-01-06 06:33:47.200,[],,881ddfd1-267f-495d-95ff-70356b9cd097,,,2026-03-21 06:53:39.005,cb604810-b052-4c01-b665-e3d8669f960c,1.0,[],cb604810-b052-4c01-b665-e3d8669f960c,False,1.0,4e726ef2-b58c-4e32-b4ef-f7d35150db22,normal,"{""gst_percentage"": 0.0, ""is_tax_applicable"": false, ""price_with_tax"": 2800.0, ""price_per_unit"": 2800.0, ""is_tax_included"": true, ""is_tax_exempted"": false}",0.0,NOS,[],False,1.0HP PANNEL BOARD OSIAN,,"{""gst_percentage"": 0.0, ""is_tax_applicable"": false, ""price_with_tax"": 1186.5, ""price_per_unit"": 1186.5, ""is_tax_included"": true, ""is_tax_exempted"": false}",1.0HP PANNEL BOARD OSIAN,
,,good,,2025-01-23 13:43:18.646,[],,,,,2026-05-02 07:56:29.734,07bcf343-942e-4171-83b5-bec69fadb335,3.0,[],07bcf343-942e-4171-83b5-bec69fadb335,False,3.0,4e726ef2-b58c-4e32-b4ef-f7d35150db22,normal,"{""gst_percentage"": 18.0, ""is_tax_applicable"": true, ""price_with_tax"": 2900.0034, ""price_per_unit"": 2457.63, ""is_tax_included"": false, ""is_tax_exempted"": false}",0.0,NOS,[],False,1.0HP PANNEL BOARD- BRIGHT,,"{""gst_percentage"": 18.0, ""is_tax_applicable"": true, ""price_with_tax"": 2242.0, ""price_per_unit"": 1900.0, ""is_tax_included"": false, ""is_tax_exempted"": false}",1.0HP PANNEL BOARD- BRIGHT,
84137010,TEXMO MOTORS,good,,2024-04-19 14:24:06.555,[],,d18c480f-5ea6-4145-9d32-afb8fc1a4450,,,2026-05-02 13:48:32.814,fd073578-556f-4214-bc49-cb14456b6eb3,0.0,[],fd073578-556f-4214-bc49-cb14456b6eb3,False,0.0,4e726ef2-b58c-4e32-b4ef-f7d35150db22,normal,"{""gst_percentage"": 18.0, ""is_tax_applicable"": true, ""price_with_tax"": 15200.0048, ""price_per_unit"": 12881.36, ""is_tax_included"": false, ""is_tax_exempted"": false}",0.0,NOS,[],False,1.0HP SE215 SUB MOTOR,,"{""gst_percentage"": 18.0, ""is_tax_applicable"": true, ""price_with_tax"": 11469.6, ""price_per_unit"": 9720.0, ""is_tax_included"": false, ""is_tax_exempted"": false}",1.0HP SE215 SUB MOTOR 84137010,
,TEXMO MOTORS,good,,2024-07-15 12:06:23.066,[],,d18c480f-5ea6-4145-9d32-afb8fc1a4450,,,2026-05-02 13:48:32.812,0bfad7d8-da2f-4709-b579-b99d080e97ae,2.0,[],0bfad7d8-da2f-4709-b579-b99d080e97ae,False,2.0,4e726ef2-b58c-4e32-b4ef-f7d35150db22,normal,"{""gst_percentage"": 18.0, ""is_tax_applicable"": true, ""price_with_tax"": 14599.9984, ""price_per_unit"": 12372.88, ""is_tax_included"": false, ""is_tax_exempted"": false}",0.0,NOS,[],False,1.0HP SE412 SUB MOTOR,,"{""gst_percentage"": 18.0, ""is_tax_applicable"": true, ""price_with_tax"": 11573.44, ""price_per_unit"": 9808.0, ""is_tax_included"": false, ""is_tax_exempted"": false}",1.0HP SE412 SUB MOTOR,
84137010,TEXMO MOTORS,good,,2024-04-19 14:24:06.556,[],,d18c480f-5ea6-4145-9d32-afb8fc1a4450,,,2026-05-02 13:50:13.736,d492aa5d-d696-4ecb-932f-a63c3deb42b3,6.0,[],d492aa5d-d696-4ecb-932f-a63c3deb42b3,False,6.0,4e726ef2-b58c-4e32-b4ef-f7d35150db22,normal,"{""gst_percentage"": 18.0, ""is_tax_applicable"": true, ""price_with_tax"": 14799.9966, ""price_per_unit"": 12542.37, ""is_tax_included"": false, ""is_tax_exempted"": false}",0.0,NOS,[],False,1.0HP SE510 SUB MOTOR,,"{""gst_percentage"": 18.0, ""is_tax_applicable"": true, ""price_with_tax"": 11025.92, ""price_per_unit"": 9344.0, ""is_tax_included"": false, ""is_tax_exempted"": false}",1.0HP SE510 SUB MOTOR 84137010,
,TEXMO MOTORS,good,,2026-05-02 13:48:01.075,[],,d18c480f-5ea6-4145-9d32-afb8fc1a4450,,,2026-05-02 13:50:14.045,6106361a-91e5-40e6-864d-9d2c4f82a8b9,1.0,[],6106361a-91e5-40e6-864d-9d2c4f82a8b9,False,1.0,4e726ef2-b58c-4e32-b4ef-f7d35150db22,normal,"{""gst_percentage"": 18.0, ""is_tax_applicable"": true, ""price_with_tax"": 14500.0052, ""price_per_unit"": 12288.14, ""is_tax_included"": false, ""is_tax_exempted"": false}",0.0,NOS,[],False,1.0HP SE510 SUB MOTOR (COPPER),,"{""gst_percentage"": 18.0, ""is_tax_applicable"": true, ""price_with_tax"": 12696.8, ""price_per_unit"": 10760.0, ""is_tax_included"": false, ""is_tax_exempted"": false}", 1.0HP SE510 SUB MOTOR (COPPER),
84137010,TEXMO MOTORS,good,,2024-04-19 13:52:10.684,[],,d18c480f-5ea6-4145-9d32-afb8fc1a4450,,,2024-04-25 13:29:23.189,7c52e795-e97f-4d43-8b5d-c05dacf41e3a,0.0,[],7c52e795-e97f-4d43-8b5d-c05dacf41e3a,False,0.0,4e726ef2-b58c-4e32-b4ef-f7d35150db22,normal,"{""gst_percentage"": 18.0, ""is_tax_applicable"": true, ""price_with_tax"": 15559.9992, ""price_per_unit"": 13186.44, ""is_tax_included"": false, ""is_tax_exempted"": false}",0.0,NOS,[],False,1.5HP  SE512 SUB MOTOR,,"{""gst_percentage"": 18.0, ""is_tax_applicable"": true, ""price_with_tax"": 11932.16, ""price_per_unit"": 10112.0, ""is_tax_included"": false, ""is_tax_exempted"": false}",1.5HP  SE512 SUB MOTOR 84137010,
,,good,,2024-07-12 15:03:09.638,[],,,,,2024-07-25 13:58:47.086,96097684-24bd-480a-9df3-e4423df3d8a0,0.0,[],96097684-24bd-480a-9df3-e4423df3d8a0,False,0.0,4e726ef2-b58c-4e32-b4ef-f7d35150db22,normal,"{""gst_percentage"": 18.0, ""is_tax_applicable"": true, ""price_with_tax"": 22799.9954, ""price_per_unit"": 19322.03, ""is_tax_included"": false, ""is_tax_exempted"": false}",0.0,NOS,[],False,1.5HP 3A/25 (1PH) SUB M OTOR,,"{""gst_percentage"": 18.0, ""is_tax_applicable"": true, ""price_with_tax"": 16042.69, ""price_per_unit"": 13595.5, ""is_tax_included"": false, ""is_tax_exempted"": false}",1.5HP 3A/25 (1PH) SUB M OTOR,
,TEXMO MOTORS,good,,2024-07-12 15:22:32.127,[],,d18c480f-5ea6-4145-9d32-afb8fc1a4450,,,2024-07-20 08:51:18.711,65bf3360-a7eb-4cf3-bdb0-46bcc8eb420c,0.0,[],65bf3360-a7eb-4cf3-bdb0-46bcc8eb420c,False,0.0,4e726ef2-b58c-4e32-b4ef-f7d35150db22,normal,"{""gst_percentage"": 18.0, ""is_tax_applicable"": true, ""price_with_tax"": 19200.0042, ""price_per_unit"": 16271.19, ""is_tax_included"": false, ""is_tax_exempted"": false}",0.0,NOS,[],False,1.5HP 9/15 (3PH) SUB MOTOR,,"{""gst_percentage"": 18.0, ""is_tax_applicable"": true, ""price_with_tax"": 14754.72, ""price_per_unit"": 12504.0, ""is_tax_included"": false, ""is_tax_exempted"": false}",1.5HP 9/15 (3PH) SUB MOTOR,
,TEXMO MOTORS,good,,2026-01-06 07:22:24.199,[],,d18c480f-5ea6-4145-9d32-afb8fc1a4450,,,2026-05-02 08:04:09.879,929750f4-9bc8-445e-9df1-51d3ee1c751c,0.0,[],929750f4-9bc8-445e-9df1-51d3ee1c751c,False,0.0,4e726ef2-b58c-4e32-b4ef-f7d35150db22,normal,"{""gst_percentage"": 18.0, ""is_tax_applicable"": true, ""price_with_tax"": 16200.0, ""price_per_unit"": 16200.0, ""is_tax_included"": true, ""is_tax_exempted"": false}",0.0,NOS,[],False,1.5HP SE415 MOTOR TEXMO,,"{""gst_percentage"": 18.0, ""is_tax_applicable"": true, ""price_with_tax"": 10920.0, ""price_per_unit"": 10920.0, ""is_tax_included"": true, ""is_tax_exempted"": false}",1.5HP SE415 MOTOR TEXMO,
,L&T,good,,2024-04-23 06:46:39.082,[],,719ebe4e-4df6-45f2-922e-b8e823b18d50,,,2026-05-02 13:50:14.029,9e41a6e8-01a9-4107-aed9-2ab7fdf3470f,101.0,[],9e41a6e8-01a9-4107-aed9-2ab7fdf3470f,False,101.0,4e726ef2-b58c-4e32-b4ef-f7d35150db22,normal,"{""gst_percentage"": 18.0, ""is_tax_applicable"": true, ""price_with_tax"": 80.004, ""price_per_unit"": 67.8, ""is_tax_included"": false, ""is_tax_exempted"": false}",0.0,MTR,[],False,1.5SQ FLAT CABLE,,"{""gst_percentage"": 18.0, ""is_tax_applicable"": true, ""price_with_tax"": 55.1886, ""price_per_unit"": 46.77, ""is_tax_included"": false, ""is_tax_exempted"": false}",1.5SQ FLAT CABLE,
,L&T,good,,2026-04-20 06:08:51.303,[],,719ebe4e-4df6-45f2-922e-b8e823b18d50,,,2026-04-20 06:09:30.978,1e7e5c40-792c-4d78-837e-3151957a9a8e,500.0,[],1e7e5c40-792c-4d78-837e-3151957a9a8e,False,500.0,4e726ef2-b58c-4e32-b4ef-f7d35150db22,normal,"{""gst_percentage"": 18.0, ""is_tax_applicable"": true, ""price_with_tax"": 0.0, ""price_per_unit"": 0.0, ""is_tax_included"": false, ""is_tax_exempted"": false}",0.0,MTR,[],False,1.5SQ FLAT CABLE -L&T (NEW),,"{""gst_percentage"": 18.0, ""is_tax_applicable"": true, ""price_with_tax"": 88.4292, ""price_per_unit"": 74.94, ""is_tax_included"": false, ""is_tax_exempted"": false}",1.5SQ FLAT CABLE -L&T (NEW),
,,good,,2024-04-23 07:44:42.377,[],,,,,2026-05-02 07:53:17.712,ff3aba2f-b73f-46e0-be91-10e01b1297be,-108.0,[],ff3aba2f-b73f-46e0-be91-10e01b1297be,False,-108.0,4e726ef2-b58c-4e32-b4ef-f7d35150db22,normal,"{""gst_percentage"": 18.0, ""is_tax_applicable"": true, ""price_with_tax"": 57.997, ""price_per_unit"": 49.15, ""is_tax_included"": false, ""is_tax_exempted"": false}",0.0,MTR,[],False,1.5SQ FLAT CABLE OSIAN,,"{""gst_percentage"": 18.0, ""is_tax_applicable"": true, ""price_with_tax"": 43.66, ""price_per_unit"": 37.0, ""is_tax_included"": false, ""is_tax_exempted"": false}",1.5SQ FLAT CABLE OSIAN,
,,good,,2024-04-23 12:08:10.006,[],,,,,2024-04-23 12:08:10.006,3382710b-94b8-416a-88ab-79e5ba9d359c,24.0,[],3382710b-94b8-416a-88ab-79e5ba9d359c,False,24.0,4e726ef2-b58c-4e32-b4ef-f7d35150db22,normal,"{""gst_percentage"": 18.0, ""is_tax_applicable"": true, ""price_with_tax"": 0.0, ""price_per_unit"": 0.0, ""is_tax_included"": false, ""is_tax_exempted"": false}",0.0,MTR,[],False,1.5SQ FLAT CABLE-ANCHOR,,"{""gst_percentage"": 18.0, ""is_tax_applicable"": true, ""price_with_tax"": 37.996, ""price_per_unit"": 32.2, ""is_tax_included"": false, ""is_tax_exempted"": false}",1.5SQ FLAT CABLE-ANCHOR,
,,good,,2024-04-23 07:44:42.380,[],,,,,2026-05-02 07:45:34.245,0eb26889-0fe4-4307-a406-46be9f9e7930,14.0,[],0eb26889-0fe4-4307-a406-46be9f9e7930,False,14.0,4e726ef2-b58c-4e32-b4ef-f7d35150db22,normal,"{""gst_percentage"": 18.0, ""is_tax_applicable"": true, ""price_with_tax"": 49.9966, ""price_per_unit"": 42.37, ""is_tax_included"": false, ""is_tax_exempted"": false}",0.0,NOS,[],False,1/2 MCB PVC BOX,,"{""gst_percentage"": 18.0, ""is_tax_applicable"": true, ""price_with_tax"": 23.7298, ""price_per_unit"": 20.11, ""is_tax_included"": false, ""is_tax_exempted"": false}",1/2 MCB PVC BOX,
,,good,,2024-05-02 11:49:58.069,[],,,,,2024-07-20 08:37:17.435,57d02864-1714-4f08-a8b6-25f351ca9b88,0.0,[],57d02864-1714-4f08-a8b6-25f351ca9b88,False,0.0,4e726ef2-b58c-4e32-b4ef-f7d35150db22,normal,"{""gst_percentage"": 18.0, ""is_tax_applicable"": true, ""price_with_tax"": 49.9966, ""price_per_unit"": 42.37, ""is_tax_included"": false, ""is_tax_exempted"": false}",0.0,PCS,[],False,"1/2"" 6"" GI NIPPLE",,"{""gst_percentage"": 18.0, ""is_tax_applicable"": true, ""price_with_tax"": 23.482, ""price_per_unit"": 19.9, ""is_tax_included"": false, ""is_tax_exempted"": false}","1/2"" 6"" GI NIPPLE",
,L&T,good,,2024-04-23 06:46:39.084,[],,719ebe4e-4df6-45f2-922e-b8e823b18d50,,,2026-03-21 06:37:27.588,c605a446-c826-4c7d-84ca-e4e229c3cf00,6.0,[],c605a446-c826-4c7d-84ca-e4e229c3cf00,False,6.0,4e726ef2-b58c-4e32-b4ef-f7d35150db22,normal,"{""gst_percentage"": 18.0, ""is_tax_applicable"": true, ""price_with_tax"": 80.004, ""price_per_unit"": 67.8, ""is_tax_included"": false, ""is_tax_exempted"": false}",0.0,NOS,[],False,10 MFD CAPACITOR WIRE,,"{""gst_percentage"": 18.0, ""is_tax_applicable"": true, ""price_with_tax"": 59.0, ""price_per_unit"": 50.0, ""is_tax_included"": false, ""is_tax_exempted"": false}",10 MFD CAPACITOR WIRE,
,,good,,2025-05-13 05:51:06.531,[],,,,,2025-05-13 05:53:56.676,3e454e23-1d53-40cb-8d2d-91ac553376f5,5.0,[],3e454e23-1d53-40cb-8d2d-91ac553376f5,False,5.0,4e726ef2-b58c-4e32-b4ef-f7d35150db22,normal,"{""gst_percentage"": 18.0, ""is_tax_applicable"": true, ""price_with_tax"": 0.0, ""price_per_unit"": 0.0, ""is_tax_included"": false, ""is_tax_exempted"": false}",0.0,NOS,[],False,10 MFD CAPACITOR WIRE CONCAP,,"{""gst_percentage"": 18.0, ""is_tax_applicable"": true, ""price_with_tax"": 61.4544, ""price_per_unit"": 52.08, ""is_tax_included"": false, ""is_tax_exempted"": false}",10 MFD CAPACITOR WIRE CONCAP,
,TIBCON,good,,2024-04-23 12:08:10.002,[],,2b4ab3ae-5e72-4da6-861f-414fc59b412e,,,2026-05-01 14:11:48.421,caecc39a-c82c-4c17-bf18-6737e23891cd,7.0,[],caecc39a-c82c-4c17-bf18-6737e23891cd,False,7.0,4e726ef2-b58c-4e32-b4ef-f7d35150db22,normal,"{""gst_percentage"": 18.0, ""is_tax_applicable"": true, ""price_with_tax"": 240.0002, ""price_per_unit"": 203.39, ""is_tax_included"": false, ""is_tax_exempted"": false}",0.0,NOS,[],False,100/120 MFD CAPACITOR- TIBCON,,"{""gst_percentage"": 18.0, ""is_tax_applicable"": true, ""price_with_tax"": 149.9898, ""price_per_unit"": 127.11, ""is_tax_included"": false, ""is_tax_exempted"": false}",100/120 MFD CAPACITOR- TIBCON,
,GM,good,,2024-04-23 07:44:42.377,[],,e56f9daf-fc94-4c9c-af89-421479163b54,,,2026-01-05 18:09:26.142,a11974a5-fe69-4fe8-91f3-0ef9049ce1ab,3.0,[],a11974a5-fe69-4fe8-91f3-0ef9049ce1ab,False,3.0,4e726ef2-b58c-4e32-b4ef-f7d35150db22,normal,"{""gst_percentage"": 18.0, ""is_tax_applicable"": true, ""price_with_tax"": 599.9946, ""price_per_unit"": 508.47, ""is_tax_included"": false, ""is_tax_exempted"": false}",0.0,NOS,[],False,100A -415 FUSE LINKS GM,,"{""gst_percentage"": 18.0, ""is_tax_applicable"": true, ""price_with_tax"": 455.48, ""price_per_unit"": 386.0, ""is_tax_included"": false, ""is_tax_exempted"": false}",100A -415 FUSE LINKS GM,
,L&T,good,,2024-04-23 06:46:39.083,[],,719ebe4e-4df6-45f2-922e-b8e823b18d50,,,2026-05-02 07:45:34.246,059740ff-39b6-4b6c-aad9-0ac68d3959d8,4.0,[],059740ff-39b6-4b6c-aad9-0ac68d3959d8,False,4.0,4e726ef2-b58c-4e32-b4ef-f7d35150db22,normal,"{""gst_percentage"": 18.0, ""is_tax_applicable"": true, ""price_with_tax"": 109.9996, ""price_per_unit"": 93.22, ""is_tax_included"": false, ""is_tax_exempted"": false}",0.0,NOS,[],False,10A SP MCB,,"{""gst_percentage"": 18.0, ""is_tax_applicable"": true, ""price_with_tax"": 110.8374, ""price_per_unit"": 93.93, ""is_tax_included"": false, ""is_tax_exempted"": false}",10A SP MCB,
,,good,,2024-07-12 14:32:42.241,[],,,,,2024-08-31 15:37:36.094,d1754092-cd8d-4726-b3c9-8ea60bdac00c,0.0,[],d1754092-cd8d-4726-b3c9-8ea60bdac00c,False,0.0,4e726ef2-b58c-4e32-b4ef-f7d35150db22,normal,"{""gst_percentage"": 18.0, ""is_tax_applicable"": true, ""price_with_tax"": 20.001, ""price_per_unit"": 16.95, ""is_tax_included"": false, ""is_tax_exempted"": false}",0.0,NOS,[],False,10SQMM COP LUGS (PIN),,"{""gst_percentage"": 18.0, ""is_tax_applicable"": true, ""price_with_tax"": 3.3276, ""price_per_unit"": 2.82, ""is_tax_included"": false, ""is_tax_exempted"": false}",10SQMM COP LUGS (PIN),
,,good,,2024-07-12 14:36:47.609,[],,,,,2024-08-31 15:37:36.099,0b6529b8-fc32-4e86-b8b9-ba827894e5e0,0.0,[],0b6529b8-fc32-4e86-b8b9-ba827894e5e0,False,0.0,4e726ef2-b58c-4e32-b4ef-f7d35150db22,normal,"{""gst_percentage"": 18.0, ""is_tax_applicable"": true, ""price_with_tax"": 130.0006, ""price_per_unit"": 110.17, ""is_tax_included"": false, ""is_tax_exempted"": false}",0.0,MTR,[],False,10SQMM COPPER WIRE,,"{""gst_percentage"": 18.0, ""is_tax_applicable"": true, ""price_with_tax"": 81.8212, ""price_per_unit"": 69.34, ""is_tax_included"": false, ""is_tax_exempted"": false}",10SQMM COPPER WIRE,
,,good,,2024-04-23 11:54:48.172,[],,,,,2026-03-21 08:27:35.950,245d9d08-f7f5-4469-8a21-1a834c562d28,19.0,[],245d9d08-f7f5-4469-8a21-1a834c562d28,False,19.0,4e726ef2-b58c-4e32-b4ef-f7d35150db22,normal,"{""gst_percentage"": 18.0, ""is_tax_applicable"": true, ""price_with_tax"": 100.005, ""price_per_unit"": 84.75, ""is_tax_included"": false, ""is_tax_exempted"": false}",0.0,NOS,[],False,10W LED BULB,,"{""gst_percentage"": 18.0, ""is_tax_applicable"": true, ""price_with_tax"": 42.2322, ""price_per_unit"": 35.79, ""is_tax_included"": false, ""is_tax_exempted"": false}",10W LED BULB,
,,good,,2024-12-20 15:20:49.833,[],,,,,2026-01-06 08:49:07.330,3ebd9412-1831-43b6-ad64-8a6ce892a277,1.0,[],3ebd9412-1831-43b6-ad64-8a6ce892a277,False,1.0,4e726ef2-b58c-4e32-b4ef-f7d35150db22,normal,"{""gst_percentage"": 18.0, ""is_tax_applicable"": true, ""price_with_tax"": 80.004, ""price_per_unit"": 67.8, ""is_tax_included"": false, ""is_tax_exempted"": false}",0.0,NOS,[],False,11/2 FEET FAN ROD,,"{""gst_percentage"": 18.0, ""is_tax_applicable"": true, ""price_with_tax"": 37.5004, ""price_per_unit"": 31.78, ""is_tax_included"": false, ""is_tax_exempted"": false}",11/2 FEET FAN ROD,
,,good,,2024-04-23 11:54:48.174,[],,,,,2026-01-26 07:17:09.470,9cf936ef-779a-49c6-825b-367076b8a7f5,8.0,[],9cf936ef-779a-49c6-825b-367076b8a7f5,False,8.0,4e726ef2-b58c-4e32-b4ef-f7d35150db22,normal,"{""gst_percentage"": 18.0, ""is_tax_applicable"": true, ""price_with_tax"": 549.998, ""price_per_unit"": 466.1, ""is_tax_included"": false, ""is_tax_exempted"": false}",0.0,NOS,[],False,"11/2"" SS NIPPLE",,"{""gst_percentage"": 18.0, ""is_tax_applicable"": true, ""price_with_tax"": 246.974, ""price_per_unit"": 209.3, ""is_tax_included"": false, ""is_tax_exempted"": false}","11/2"" SS NIPPLE",
,,good,,2024-05-02 11:45:37.608,[],,,,,2024-07-15 14:59:46.486,de426f49-df1e-46b8-b848-21601e64995c,0.0,[],de426f49-df1e-46b8-b848-21601e64995c,False,0.0,4e726ef2-b58c-4e32-b4ef-f7d35150db22,normal,"{""gst_percentage"": 18.0, ""is_tax_applicable"": true, ""price_with_tax"": 199.9982, ""price_per_unit"": 169.49, ""is_tax_included"": false, ""is_tax_exempted"": false}",0.0,NOS,[],False,"11/2"" TO 1 "" SS REDUCUR E BUSH",,"{""gst_percentage"": 18.0, ""is_tax_applicable"": true, ""price_with_tax"": 0.0, ""price_per_unit"": 0.0, ""is_tax_included"": true, ""is_tax_exempted"": false}","11/2"" TO 1 "" SS REDUCUR E BUSH",
,,good,,2024-05-16 06:15:42.772,[],,,,,2026-01-05 18:36:06.371,60abf6f9-626e-4392-bfe2-0826983895bb,4.0,[],60abf6f9-626e-4392-bfe2-0826983895bb,False,4.0,4e726ef2-b58c-4e32-b4ef-f7d35150db22,normal,"{""gst_percentage"": 18.0, ""is_tax_applicable"": true, ""price_with_tax"": 260.0, ""price_per_unit"": 260.0, ""is_tax_included"": true, ""is_tax_exempted"": false}",0.0,PCS,[],False,"11/2"" TO 1 "" SS REDUCUR E BUSH",,"{""gst_percentage"": 18.0, ""is_tax_applicable"": true, ""price_with_tax"": 82.6, ""price_per_unit"": 70.0, ""is_tax_included"": false, ""is_tax_exempted"": false}","11/2"" TO 1 "" SS REDUCUR E BUSH",
,,good,,2024-07-12 15:26:42.971,[],,,,,2024-07-20 08:51:18.719,dbf02179-df65-47fd-936a-7bba429c3bf2,0.0,[],dbf02179-df65-47fd-936a-7bba429c3bf2,False,0.0,4e726ef2-b58c-4e32-b4ef-f7d35150db22,normal,"{""gst_percentage"": 18.0, ""is_tax_applicable"": true, ""price_with_tax"": 450.0048, ""price_per_unit"": 381.36, ""is_tax_included"": false, ""is_tax_exempted"": false}",0.0,NOS,[],False,"11/4"" SS NIPPLE",,"{""gst_percentage"": 18.0, ""is_tax_applicable"": true, ""price_with_tax"": 144.9984, ""price_per_unit"": 122.88, ""is_tax_included"": false, ""is_tax_exempted"": false}","11/4"" SS NIPPLE",
,L&T,good,,2026-01-06 06:32:01.787,[],,719ebe4e-4df6-45f2-922e-b8e823b18d50,,,2026-01-06 06:41:47.309,53f8810c-4323-48f9-882c-fd293d7f4c49,6.0,[],53f8810c-4323-48f9-882c-fd293d7f4c49,False,6.0,4e726ef2-b58c-4e32-b4ef-f7d35150db22,normal,"{""gst_percentage"": 0.0, ""is_tax_applicable"": false, ""price_with_tax"": 0.0, ""price_per_unit"": 0.0, ""is_tax_included"": true, ""is_tax_exempted"": false}",0.0,NOS,[],False,150/200 MFD CAPACITOR L&T,,"{""gst_percentage"": 0.0, ""is_tax_applicable"": false, ""price_with_tax"": 202.73, ""price_per_unit"": 202.73, ""is_tax_included"": true, ""is_tax_exempted"": false}",150/200 MFD CAPACITOR L&T,
,,good,,2024-08-30 14:57:00.078,[],,,,,2025-04-01 11:45:57.493,17c6a6f4-8722-4151-8317-1b01fed1a95a,-1.0,[],17c6a6f4-8722-4151-8317-1b01fed1a95a,False,-1.0,4e726ef2-b58c-4e32-b4ef-f7d35150db22,normal,"{""gst_percentage"": 18.0, ""is_tax_applicable"": true, ""price_with_tax"": 179.9972, ""price_per_unit"": 152.54, ""is_tax_included"": false, ""is_tax_exempted"": false}",0.0,NOS,[],False,16A SS COMBINED,,"{""gst_percentage"": 18.0, ""is_tax_applicable"": true, ""price_with_tax"": 0.0, ""price_per_unit"": 0.0, ""is_tax_included"": false, ""is_tax_exempted"": false}",16A SS COMBINED,
,,good,,2024-12-20 15:15:32.185,[],,,,,2025-04-01 11:46:08.472,eb2f7bfc-8044-4e2b-a9c8-a91ebd0fb186,10.0,[],eb2f7bfc-8044-4e2b-a9c8-a91ebd0fb186,False,10.0,4e726ef2-b58c-4e32-b4ef-f7d35150db22,normal,"{""gst_percentage"": 18.0, ""is_tax_applicable"": true, ""price_with_tax"": 0.0, ""price_per_unit"": 0.0, ""is_tax_included"": false, ""is_tax_exempted"": false}",0.0,NOS,[],False,16A SS COMBINED,,"{""gst_percentage"": 18.0, ""is_tax_applicable"": true, ""price_with_tax"": 83.4024, ""price_per_unit"": 70.68, ""is_tax_included"": false, ""is_tax_exempted"": false}",16A SS COMBINED,
,,good,,2024-04-23 12:08:09.999,[],,,,,2026-04-18 12:58:25.604,5f9d52ef-fedf-4981-873e-43695ea1b337,5.0,[],5f9d52ef-fedf-4981-873e-43695ea1b337,False,5.0,4e726ef2-b58c-4e32-b4ef-f7d35150db22,normal,"{""gst_percentage"": 18.0, ""is_tax_applicable"": true, ""price_with_tax"": 650.003, ""price_per_unit"": 550.85, ""is_tax_included"": false, ""is_tax_exempted"": false}",0.0,NOS,[],False,"2 1/2"" GI CLAMP SET",,"{""gst_percentage"": 18.0, ""is_tax_applicable"": true, ""price_with_tax"": 299.9914, ""price_per_unit"": 254.23, ""is_tax_included"": false, ""is_tax_exempted"": false}","2 1/2"" GI CLAMP SET",
,L&T,good,,2024-04-23 06:46:39.081,[],,719ebe4e-4df6-45f2-922e-b8e823b18d50,,,2026-05-02 07:12:36.704,bafe0dff-3fe8-4877-89fd-0600c8d7908a,1.0,[],bafe0dff-3fe8-4877-89fd-0600c8d7908a,False,1.0,4e726ef2-b58c-4e32-b4ef-f7d35150db22,normal,"{""gst_percentage"": 18.0, ""is_tax_applicable"": true, ""price_with_tax"": 525.0056, ""price_per_unit"": 444.92, ""is_tax_included"": false, ""is_tax_exempted"": false}",0.0,NOS,[],False,2 KVAR AGRI,,"{""gst_percentage"": 18.0, ""is_tax_applicable"": true, ""price_with_tax"": 336.0758, ""price_per_unit"": 284.81, ""is_tax_included"": false, ""is_tax_exempted"": false}",2 KVAR AGRI,
,,good,,2024-06-06 09:02:06.617,[],,,,,2026-05-02 07:10:01.718,7f81de5e-f7d4-459a-8200-6d380ca6d3d0,60.0,[],7f81de5e-f7d4-459a-8200-6d380ca6d3d0,False,60.0,4e726ef2-b58c-4e32-b4ef-f7d35150db22,normal,"{""gst_percentage"": 18.0, ""is_tax_applicable"": true, ""price_with_tax"": 224.6366, ""price_per_unit"": 190.37, ""is_tax_included"": false, ""is_tax_exempted"": false}",0.0,MTR,[],False,"2"" 12.5 HDPE PIPE","2"" 12.5 HDPE PIPE","{""gst_percentage"": 18.0, ""is_tax_applicable"": true, ""price_with_tax"": 174.4512, ""price_per_unit"": 147.84, ""is_tax_included"": false, ""is_tax_exempted"": false}","2"" 12.5 HDPE PIPE 2"" 12.5 HDPE PIPE",
,,good,,2024-04-23 12:08:09.999,[],,,,,2026-04-18 08:04:10.167,00ee1510-2146-457e-bf38-72a18821540d,5.0,[],00ee1510-2146-457e-bf38-72a18821540d,False,5.0,4e726ef2-b58c-4e32-b4ef-f7d35150db22,normal,"{""gst_percentage"": 18.0, ""is_tax_applicable"": true, ""price_with_tax"": 1299.9942, ""price_per_unit"": 1101.69, ""is_tax_included"": false, ""is_tax_exempted"": false}",0.0,NOS,[],False,"2"" GI CLAMP SET",,"{""gst_percentage"": 18.0, ""is_tax_applicable"": true, ""price_with_tax"": 219.9992, ""price_per_unit"": 186.44, ""is_tax_included"": false, ""is_tax_exempted"": false}","2"" GI CLAMP SET",
,,good,,2024-12-23 12:09:21.036,[],,,,,2026-04-18 08:41:52.910,4211dae2-1021-4216-a75f-216606576ac5,3.0,[],4211dae2-1021-4216-a75f-216606576ac5,False,3.0,4e726ef2-b58c-4e32-b4ef-f7d35150db22,normal,"{""gst_percentage"": 18.0, ""is_tax_applicable"": true, ""price_with_tax"": 850.0012, ""price_per_unit"": 720.34, ""is_tax_included"": false, ""is_tax_exempted"": false}",0.0,NOS,[],False,"2"" JOINT NIPPLE",,"{""gst_percentage"": 18.0, ""is_tax_applicable"": true, ""price_with_tax"": 300.0032, ""price_per_unit"": 254.24, ""is_tax_included"": false, ""is_tax_exempted"": false}","2"" JOINT NIPPLE",
,,good,,2024-04-23 11:54:48.174,[],,,,,2026-04-18 05:24:20.531,bc7e9ec7-1eaa-438e-9ce3-043003cac61a,0.0,[],bc7e9ec7-1eaa-438e-9ce3-043003cac61a,False,0.0,4e726ef2-b58c-4e32-b4ef-f7d35150db22,normal,"{""gst_percentage"": 18.0, ""is_tax_applicable"": true, ""price_with_tax"": 29.9956, ""price_per_unit"": 25.42, ""is_tax_included"": false, ""is_tax_exempted"": false}",0.0,NOS,[],False,"2"" SS NIPPLE",,"{""gst_percentage"": 18.0, ""is_tax_applicable"": true, ""price_with_tax"": 349.9998, ""price_per_unit"": 296.61, ""is_tax_included"": false, ""is_tax_exempted"": false}","2"" SS NIPPLE",
,,good,,2024-04-23 11:54:48.173,[],,,,,2026-05-02 08:01:17.963,c6db59b5-8b57-4e15-9eec-8ec828226bdf,111.0,[],c6db59b5-8b57-4e15-9eec-8ec828226bdf,False,111.0,4e726ef2-b58c-4e32-b4ef-f7d35150db22,normal,"{""gst_percentage"": 18.0, ""is_tax_applicable"": true, ""price_with_tax"": 29.9956, ""price_per_unit"": 25.42, ""is_tax_included"": false, ""is_tax_exempted"": false}",0.0,NOS,[],False,"2"" SS NUT & BOLT",,"{""gst_percentage"": 18.0, ""is_tax_applicable"": true, ""price_with_tax"": 8.0004, ""price_per_unit"": 6.78, ""is_tax_included"": false, ""is_tax_exempted"": false}","2"" SS NUT & BOLT",
,,good,,2024-04-23 11:54:48.175,[],,,,,2026-03-20 07:41:03.020,cebaa911-e954-472e-b7c5-da87ec5f120b,3.0,[],cebaa911-e954-472e-b7c5-da87ec5f120b,False,3.0,4e726ef2-b58c-4e32-b4ef-f7d35150db22,normal,"{""gst_percentage"": 18.0, ""is_tax_applicable"": true, ""price_with_tax"": 300.0032, ""price_per_unit"": 254.24, ""is_tax_included"": false, ""is_tax_exempted"": false}",0.0,NOS,[],False,"2"" TO 1 1/2"" SS REDUCURE BUSH",,"{""gst_percentage"": 18.0, ""is_tax_applicable"": true, ""price_with_tax"": 134.5908, ""price_per_unit"": 114.06, ""is_tax_included"": false, ""is_tax_exempted"": false}","2"" TO 1 1/2"" SS REDUCURE BUSH",
,TEXMO MOTORS,good,,2024-08-30 12:04:28.353,[],,d18c480f-5ea6-4145-9d32-afb8fc1a4450,,,2025-03-04 08:35:22.427,c6e4080d-2093-4587-b39b-09461787a56e,1.0,[],c6e4080d-2093-4587-b39b-09461787a56e,False,1.0,4e726ef2-b58c-4e32-b4ef-f7d35150db22,normal,"{""gst_percentage"": 18.0, ""is_tax_applicable"": true, ""price_with_tax"": 26599.9966, ""price_per_unit"": 22542.37, ""is_tax_included"": false, ""is_tax_exempted"": false}",0.0,NOS,[],False,2.0HP 19/12 (1PH) SUB MOTOR,,"{""gst_percentage"": 18.0, ""is_tax_applicable"": true, ""price_with_tax"": 19578.56, ""price_per_unit"": 16592.0, ""is_tax_included"": false, ""is_tax_exempted"": false}",2.0HP 19/12 (1PH) SUB MOTOR,
,,good,,2024-07-02 14:26:21.540,[],,,,,2025-04-01 08:24:16.828,c6f3926c-62d5-48c2-875b-42aab9315316,0.0,[],c6f3926c-62d5-48c2-875b-42aab9315316,False,0.0,4e726ef2-b58c-4e32-b4ef-f7d35150db22,normal,"{""gst_percentage"": 18.0, ""is_tax_applicable"": true, ""price_with_tax"": 22900.0004, ""price_per_unit"": 19406.78, ""is_tax_included"": false, ""is_tax_exempted"": false}",0.0,NOS,[],False,2.0HP 19/12 (3PH) SUB MOTOR,,"{""gst_percentage"": 18.0, ""is_tax_applicable"": true, ""price_with_tax"": 18200.32, ""price_per_unit"": 15424.0, ""is_tax_included"": false, ""is_tax_exempted"": false}",2.0HP 19/12 (3PH) SUB MOTOR,
84137010,TEXMO MOTORS,good,,2024-04-19 14:35:51.394,[],,d18c480f-5ea6-4145-9d32-afb8fc1a4450,,,2026-05-02 13:35:55.761,73d185dd-5d9a-4db3-ad76-896253e719c2,1.0,[],73d185dd-5d9a-4db3-ad76-896253e719c2,False,1.0,4e726ef2-b58c-4e32-b4ef-f7d35150db22,normal,"{""gst_percentage"": 18.0, ""is_tax_applicable"": true, ""price_with_tax"": 14500.0052, ""price_per_unit"": 12288.14, ""is_tax_included"": false, ""is_tax_exempted"": false}",0.0,NOS,[],False,2.0HP ACS1575E MONO BLOCK,,"{""gst_percentage"": 18.0, ""is_tax_applicable"": true, ""price_with_tax"": 10394.2188, ""price_per_unit"": 8808.66, ""is_tax_included"": false, ""is_tax_exempted"": false}",2.0HP ACS1575E MONO BLOCK 84137010,
,TEXMO MOTORS,good,,2025-03-04 08:32:31.649,[],,d18c480f-5ea6-4145-9d32-afb8fc1a4450,,,2026-05-02 12:41:05.349,1e0efd6c-86fc-47c8-9994-5d62f2e80cdb,1.0,[],1e0efd6c-86fc-47c8-9994-5d62f2e80cdb,False,1.0,4e726ef2-b58c-4e32-b4ef-f7d35150db22,normal,"{""gst_percentage"": 18.0, ""is_tax_applicable"": true, ""price_with_tax"": 14400.0002, ""price_per_unit"": 12203.39, ""is_tax_included"": false, ""is_tax_exempted"": false}",0.0,NOS,[],False,2.0HP ACSN1570 MONO BLOCK,,"{""gst_percentage"": 18.0, ""is_tax_applicable"": true, ""price_with_tax"": 10930.458, ""price_per_unit"": 9263.1, ""is_tax_included"": false, ""is_tax_exempted"": false}",2.0HP ACSN1570 MONO BLOCK,
,L&T,good,,2024-04-23 06:46:39.080,[],,719ebe4e-4df6-45f2-922e-b8e823b18d50,,,2026-05-02 08:04:09.882,0fabb0a1-75f6-4936-a886-bbc389bc7f79,216.0,[],0fabb0a1-75f6-4936-a886-bbc389bc7f79,False,216.0,4e726ef2-b58c-4e32-b4ef-f7d35150db22,normal,"{""gst_percentage"": 18.0, ""is_tax_applicable"": true, ""price_with_tax"": 49.9966, ""price_per_unit"": 42.37, ""is_tax_included"": false, ""is_tax_exempted"": false}",0.0,MTR,[],False,2.5SQ FLAT CABLE,,"{""gst_percentage"": 18.0, ""is_tax_applicable"": true, ""price_with_tax"": 79.9568, ""price_per_unit"": 67.76, ""is_tax_included"": false, ""is_tax_exempted"": false}",2.5SQ FLAT CABLE,
,L&T,good,,2026-03-20 07:38:28.291,[],,719ebe4e-4df6-45f2-922e-b8e823b18d50,,,2026-03-20 07:41:03.019,e4f0821e-ce89-45f6-b014-9d0a65b80375,10.0,[],e4f0821e-ce89-45f6-b014-9d0a65b80375,False,10.0,4e726ef2-b58c-4e32-b4ef-f7d35150db22,normal,"{""gst_percentage"": 18.0, ""is_tax_applicable"": true, ""price_with_tax"": 0.0, ""price_per_unit"": 0.0, ""is_tax_included"": false, ""is_tax_exempted"": false}",0.0,NOS,[],False,20 MFD CAPACITOR WIRE,,"{""gst_percentage"": 18.0, ""is_tax_applicable"": true, ""price_with_tax"": 83.426, ""price_per_unit"": 70.7, ""is_tax_included"": false, ""is_tax_exempted"": false}",20 MFD CAPACITOR WIRE,
,,good,,2024-07-12 14:31:36.149,[],,,,,2024-08-31 15:37:36.101,4151b6e4-82cc-446f-bf74-d152a648f655,0.0,[],4151b6e4-82cc-446f-bf74-d152a648f655,False,0.0,4e726ef2-b58c-4e32-b4ef-f7d35150db22,normal,"{""gst_percentage"": 18.0, ""is_tax_applicable"": true, ""price_with_tax"": 1000.0028, ""price_per_unit"": 847.46, ""is_tax_included"": false, ""is_tax_exempted"": false}",0.0,NOS,[],False,200A CUT-OUT - GM,200A CUT-OYT-GM,"{""gst_percentage"": 18.0, ""is_tax_applicable"": true, ""price_with_tax"": 666.995, ""price_per_unit"": 565.25, ""is_tax_included"": false, ""is_tax_exempted"": false}",200A CUT-OUT - GM 200A CUT-OYT-GM,
,GM,good,,2024-04-23 07:44:42.377,[],,e56f9daf-fc94-4c9c-af89-421479163b54,,,2026-03-21 07:10:54.157,8dd81618-9f01-4ace-a841-670382fafc5f,5.0,[],8dd81618-9f01-4ace-a841-670382fafc5f,False,5.0,4e726ef2-b58c-4e32-b4ef-f7d35150db22,normal,"{""gst_percentage"": 18.0, ""is_tax_applicable"": true, ""price_with_tax"": 150.0016, ""price_per_unit"": 127.12, ""is_tax_included"": false, ""is_tax_exempted"": false}",0.0,NOS,[],False,20W LED TUBE LIGHT GM,,"{""gst_percentage"": 18.0, ""is_tax_applicable"": true, ""price_with_tax"": 119.18, ""price_per_unit"": 101.0, ""is_tax_included"": false, ""is_tax_exempted"": false}",20W LED TUBE LIGHT GM,
,HDPE PIPE,good,,2024-12-20 10:03:35.432,[],,71b9cb2f-ec91-42cf-b174-d84bb1151556,,,2026-01-06 06:19:01.793,e382bd18-b958-4cd2-bdbd-70e2a6967d46,15.0,[],e382bd18-b958-4cd2-bdbd-70e2a6967d46,False,15.0,4e726ef2-b58c-4e32-b4ef-f7d35150db22,normal,"{""gst_percentage"": 18.0, ""is_tax_applicable"": true, ""price_with_tax"": 315.001, ""price_per_unit"": 266.95, ""is_tax_included"": false, ""is_tax_exempted"": false}",0.0,MTR,[],False,"21/2"" 100-10 HDPE PIPE",,"{""gst_percentage"": 18.0, ""is_tax_applicable"": true, ""price_with_tax"": 220.542, ""price_per_unit"": 186.9, ""is_tax_included"": false, ""is_tax_exempted"": false}","21/2"" 100-10 HDPE PIPE",
,,good,,2025-01-23 13:46:38.910,[],,,,,2025-06-20 15:29:59.076,27470cea-114f-46c0-b68a-7b78cce40e02,0.0,[],27470cea-114f-46c0-b68a-7b78cce40e02,False,0.0,4e726ef2-b58c-4e32-b4ef-f7d35150db22,normal,"{""gst_percentage"": 18.0, ""is_tax_applicable"": true, ""price_with_tax"": 391.2644, ""price_per_unit"": 331.58, ""is_tax_included"": false, ""is_tax_exempted"": false}",0.0,NOS,[],False,"21/2"" JOINT NIPPLE",,"{""gst_percentage"": 18.0, ""is_tax_applicable"": true, ""price_with_tax"": 331.58, ""price_per_unit"": 281.0, ""is_tax_included"": false, ""is_tax_exempted"": false}","21/2"" JOINT NIPPLE",
,,good,,2024-04-23 11:54:48.173,[],,,,,2026-04-18 12:58:25.606,fdbcbab6-1c7d-4abc-9752-ad025dec5b6c,2.0,[],fdbcbab6-1c7d-4abc-9752-ad025dec5b6c,False,2.0,4e726ef2-b58c-4e32-b4ef-f7d35150db22,normal,"{""gst_percentage"": 18.0, ""is_tax_applicable"": true, ""price_with_tax"": 1000.0028, ""price_per_unit"": 847.46, ""is_tax_included"": false, ""is_tax_exempted"": false}",0.0,NOS,[],False,"21/2"" SS NIPPLE",,"{""gst_percentage"": 18.0, ""is_tax_applicable"": true, ""price_with_tax"": 544.5464, ""price_per_unit"": 461.48, ""is_tax_included"": false, ""is_tax_exempted"": false}","21/2"" SS NIPPLE",
,STURLITE,good,,2026-01-06 06:29:21.649,[],,7e4bc4de-ea81-43fd-8b69-014d4f8cbe44,,,2026-04-18 08:40:26.668,fbb769ba-559c-43ef-b98b-957e31091320,15.0,[],fbb769ba-559c-43ef-b98b-957e31091320,False,15.0,4e726ef2-b58c-4e32-b4ef-f7d35150db22,normal,"{""gst_percentage"": 0.0, ""is_tax_applicable"": false, ""price_with_tax"": 150.0, ""price_per_unit"": 150.0, ""is_tax_included"": true, ""is_tax_exempted"": false}",0.0,NOS,[],False,22W LED TUBE LIGHT,,"{""gst_percentage"": 0.0, ""is_tax_applicable"": false, ""price_with_tax"": 65.77, ""price_per_unit"": 65.77, ""is_tax_included"": true, ""is_tax_exempted"": false}",22W LED TUBE LIGHT,
,,good,,2024-12-23 12:30:19.454,[],,,,,2024-12-23 12:31:22.273,82c934d7-1044-464c-a847-2c05bf2abf16,6.0,[],82c934d7-1044-464c-a847-2c05bf2abf16,False,6.0,4e726ef2-b58c-4e32-b4ef-f7d35150db22,normal,"{""gst_percentage"": 18.0, ""is_tax_applicable"": true, ""price_with_tax"": 0.0, ""price_per_unit"": 0.0, ""is_tax_included"": false, ""is_tax_exempted"": false}",0.0,NOS,[],False,25 MFD CAPACITOR PIN,,"{""gst_percentage"": 18.0, ""is_tax_applicable"": true, ""price_with_tax"": 134.4374, ""price_per_unit"": 113.93, ""is_tax_included"": false, ""is_tax_exempted"": false}",25 MFD CAPACITOR PIN,
,L&T,good,,2024-04-23 06:46:39.084,[],,719ebe4e-4df6-45f2-922e-b8e823b18d50,,,2026-03-21 07:10:54.162,faad0abf-dd56-4b1d-8344-20f9529d03a1,20.0,[],faad0abf-dd56-4b1d-8344-20f9529d03a1,False,20.0,4e726ef2-b58c-4e32-b4ef-f7d35150db22,normal,"{""gst_percentage"": 18.0, ""is_tax_applicable"": true, ""price_with_tax"": 199.9982, ""price_per_unit"": 169.49, ""is_tax_included"": false, ""is_tax_exempted"": false}",0.0,NOS,[],False,25 MFD CAPACITOR WIRE,,"{""gst_percentage"": 18.0, ""is_tax_applicable"": true, ""price_with_tax"": 110.7902, ""price_per_unit"": 93.89, ""is_tax_included"": false, ""is_tax_exempted"": false}",25 MFD CAPACITOR WIRE,
,TIBCON,good,,2024-04-23 12:08:10.001,[],,2b4ab3ae-5e72-4da6-861f-414fc59b412e,,,2024-04-23 12:08:10.001,cb93df07-aa58-4138-b77c-bc1509301017,2.0,[],cb93df07-aa58-4138-b77c-bc1509301017,False,2.0,4e726ef2-b58c-4e32-b4ef-f7d35150db22,normal,"{""gst_percentage"": 18.0, ""is_tax_applicable"": true, ""price_with_tax"": 0.0, ""price_per_unit"": 0.0, ""is_tax_included"": false, ""is_tax_exempted"": false}",0.0,NOS,[],False,25 MFD CAPACITOR- TIBCON,,"{""gst_percentage"": 18.0, ""is_tax_applicable"": true, ""price_with_tax"": 69.9976, ""price_per_unit"": 59.32, ""is_tax_included"": false, ""is_tax_exempted"": false}",25 MFD CAPACITOR- TIBCON,
,,good,,2024-12-20 15:20:09.089,[],,,,,2026-01-06 11:59:38.737,2614250e-bdcb-4705-92cd-e876718b84d4,3.0,[],2614250e-bdcb-4705-92cd-e876718b84d4,False,3.0,4e726ef2-b58c-4e32-b4ef-f7d35150db22,normal,"{""gst_percentage"": 18.0, ""is_tax_applicable"": true, ""price_with_tax"": 100.005, ""price_per_unit"": 84.75, ""is_tax_included"": false, ""is_tax_exempted"": false}",0.0,NOS,[],False,2FEET FAN ROD,,"{""gst_percentage"": 18.0, ""is_tax_applicable"": true, ""price_with_tax"": 50.0084, ""price_per_unit"": 42.38, ""is_tax_included"": false, ""is_tax_exempted"": false}",2FEET FAN ROD,
,,good,,2024-04-23 12:08:10.003,[],,,,,2026-04-18 08:11:25.591,979390e9-d81e-4651-a0d3-a22ad1ae366e,2.0,[],979390e9-d81e-4651-a0d3-a22ad1ae366e,False,2.0,4e726ef2-b58c-4e32-b4ef-f7d35150db22,normal,"{""gst_percentage"": 18.0, ""is_tax_applicable"": true, ""price_with_tax"": 450.0048, ""price_per_unit"": 381.36, ""is_tax_included"": false, ""is_tax_exempted"": false}",0.0,NOS,[],False,2POLE CONTRACTOR TEXMO BOARD,,"{""gst_percentage"": 18.0, ""is_tax_applicable"": true, ""price_with_tax"": 249.9948, ""price_per_unit"": 211.86, ""is_tax_included"": false, ""is_tax_exempted"": false}",2POLE CONTRACTOR TEXMO BOARD,
,,good,,2025-03-04 13:04:42.200,[],,,,,2025-05-12 13:47:43.778,8113a9e8-280b-4973-a234-9ff3bb40d2b8,12.0,[],8113a9e8-280b-4973-a234-9ff3bb40d2b8,False,12.0,4e726ef2-b58c-4e32-b4ef-f7d35150db22,normal,"{""gst_percentage"": 18.0, ""is_tax_applicable"": true, ""price_with_tax"": 0.0, ""price_per_unit"": 0.0, ""is_tax_included"": false, ""is_tax_exempted"": false}",0.0,NOS,[],False,"3 1/2"" SS NUT BOLT",,"{""gst_percentage"": 18.0, ""is_tax_applicable"": true, ""price_with_tax"": 15.8356, ""price_per_unit"": 13.42, ""is_tax_included"": false, ""is_tax_exempted"": false}","3 1/2"" SS NUT BOLT",
,,good,,2024-08-20 11:25:51.679,[],,,,,2025-04-01 11:35:02.664,bfc60c79-8c23-40b5-9371-bdc404b6b7ef,4.0,[],bfc60c79-8c23-40b5-9371-bdc404b6b7ef,False,4.0,4e726ef2-b58c-4e32-b4ef-f7d35150db22,normal,"{""gst_percentage"": 18.0, ""is_tax_applicable"": true, ""price_with_tax"": 0.0, ""price_per_unit"": 0.0, ""is_tax_included"": false, ""is_tax_exempted"": false}",0.0,NOS,[],False,"3"" GI CLAMP SET",,"{""gst_percentage"": 18.0, ""is_tax_applicable"": true, ""price_with_tax"": 472.0, ""price_per_unit"": 400.0, ""is_tax_included"": false, ""is_tax_exempted"": false}","3"" GI CLAMP SET",
,,good,,2024-07-12 14:56:16.621,[],,,,,2026-04-18 05:24:20.533,dc83483e-4745-4858-b2c7-f2796e686c1d,9.0,[],dc83483e-4745-4858-b2c7-f2796e686c1d,False,9.0,4e726ef2-b58c-4e32-b4ef-f7d35150db22,normal,"{""gst_percentage"": 18.0, ""is_tax_applicable"": true, ""price_with_tax"": 25.0042, ""price_per_unit"": 21.19, ""is_tax_included"": false, ""is_tax_exempted"": false}",0.0,NOS,[],False,"3"" SS NUT BOLT",,"{""gst_percentage"": 18.0, ""is_tax_applicable"": true, ""price_with_tax"": 11.9888, ""price_per_unit"": 10.16, ""is_tax_included"": false, ""is_tax_exempted"": false}","3"" SS NUT BOLT",
,,good,,2025-05-17 13:11:09.344,[],,,,,2025-06-02 08:25:44.491,fbb4d2ee-99d2-4f7d-9353-fc8c109a6ea8,1.0,[],fbb4d2ee-99d2-4f7d-9353-fc8c109a6ea8,False,1.0,4e726ef2-b58c-4e32-b4ef-f7d35150db22,normal,"{""gst_percentage"": 18.0, ""is_tax_applicable"": true, ""price_with_tax"": 599.9946, ""price_per_unit"": 508.47, ""is_tax_included"": false, ""is_tax_exempted"": false}",0.0,NOS,[],False,"3"" TO 2 1/2"" SS REDUCURE BUSH",,"{""gst_percentage"": 18.0, ""is_tax_applicable"": true, ""price_with_tax"": 150.4618, ""price_per_unit"": 127.51, ""is_tax_included"": false, ""is_tax_exempted"": false}","3"" TO 2 1/2"" SS REDUCURE BUSH",
84137010,TEXMO MOTORS,good,,2024-04-19 13:52:10.685,[],,d18c480f-5ea6-4145-9d32-afb8fc1a4450,,,2026-05-02 06:32:52.817,9c973ef7-a1ad-4ab7-8aa5-57270b8e68f8,0.0,[],9c973ef7-a1ad-4ab7-8aa5-57270b8e68f8,False,0.0,4e726ef2-b58c-4e32-b4ef-f7d35150db22,normal,"{""gst_percentage"": 18.0, ""is_tax_applicable"": true, ""price_with_tax"": 27299.9962, ""price_per_unit"": 23135.59, ""is_tax_included"": false, ""is_tax_exempted"": false}",0.0,NOS,[],False,3.0HP  19/15 (3PH) SUB MOTOR,,"{""gst_percentage"": 18.0, ""is_tax_applicable"": true, ""price_with_tax"": 20881.28, ""price_per_unit"": 17696.0, ""is_tax_included"": false, ""is_tax_exempted"": false}",3.0HP  19/15 (3PH) SUB MOTOR 84137010,
84137010,TEXMO MOTORS,good,,2024-04-19 13:52:10.685,[],,d18c480f-5ea6-4145-9d32-afb8fc1a4450,,,2024-04-19 14:47:04.234,58c2d370-cf74-4de4-9854-69be8224c5d5,1.0,[],58c2d370-cf74-4de4-9854-69be8224c5d5,False,1.0,4e726ef2-b58c-4e32-b4ef-f7d35150db22,normal,"{""gst_percentage"": 18.0, ""is_tax_applicable"": true, ""price_with_tax"": 0.0, ""price_per_unit"": 0.0, ""is_tax_included"": false, ""is_tax_exempted"": false}",0.0,NOS,[],False,3.0HP  50A/09 (3PH) SUB MOTOR,,"{""gst_percentage"": 18.0, ""is_tax_applicable"": true, ""price_with_tax"": 22174.56, ""price_per_unit"": 18792.0, ""is_tax_included"": false, ""is_tax_exempted"": false}",3.0HP  50A/09 (3PH) SUB MOTOR 84137010,
,TEXMO MOTORS,good,,2024-08-20 11:20:36.281,[],,d18c480f-5ea6-4145-9d32-afb8fc1a4450,,,2024-08-30 15:01:30.721,cf1658d9-91d6-45b4-b629-c985b6d5e0a0,0.0,[],cf1658d9-91d6-45b4-b629-c985b6d5e0a0,False,0.0,4e726ef2-b58c-4e32-b4ef-f7d35150db22,normal,"{""gst_percentage"": 18.0, ""is_tax_applicable"": true, ""price_with_tax"": 32600.0016, ""price_per_unit"": 27627.12, ""is_tax_included"": false, ""is_tax_exempted"": false}",0.0,NOS,[],False,3.0HP 14A/25 (3PH) SUB MOTOR,,"{""gst_percentage"": 18.0, ""is_tax_applicable"": true, ""price_with_tax"": 20784.0008, ""price_per_unit"": 17613.56, ""is_tax_included"": false, ""is_tax_exempted"": false}",3.0HP 14A/25 (3PH) SUB MOTOR,
,TEXMO MOTORS,good,,2024-08-20 11:44:19.598,[],,d18c480f-5ea6-4145-9d32-afb8fc1a4450,,,2025-03-06 06:48:03.580,7d7bdc01-837c-41f3-8aa0-4d94706108c7,0.0,[],7d7bdc01-837c-41f3-8aa0-4d94706108c7,False,0.0,4e726ef2-b58c-4e32-b4ef-f7d35150db22,normal,"{""gst_percentage"": 18.0, ""is_tax_applicable"": true, ""price_with_tax"": 29500.0, ""price_per_unit"": 25000.0, ""is_tax_included"": false, ""is_tax_exempted"": false}",0.0,NOS,[],False,3.0HP 19/15 (1PH) SUB MOTOR,,"{""gst_percentage"": 18.0, ""is_tax_applicable"": true, ""price_with_tax"": 19697.0792, ""price_per_unit"": 16692.44, ""is_tax_included"": false, ""is_tax_exempted"": false}",3.0HP 19/15 (1PH) SUB MOTOR,
,TEXMO MOTORS,good,,2026-05-02 07:00:40.194,[],,d18c480f-5ea6-4145-9d32-afb8fc1a4450,,,2026-05-02 07:05:54.574,ce650637-715c-4f85-8282-2fa9b96de817,1.0,[],ce650637-715c-4f85-8282-2fa9b96de817,False,1.0,4e726ef2-b58c-4e32-b4ef-f7d35150db22,normal,"{""gst_percentage"": 18.0, ""is_tax_applicable"": true, ""price_with_tax"": 0.0, ""price_per_unit"": 0.0, ""is_tax_included"": false, ""is_tax_exempted"": false}",0.0,NOS,[],False,3.0HP 19/15 PUMP,,"{""gst_percentage"": 18.0, ""is_tax_applicable"": true, ""price_with_tax"": 6844.0, ""price_per_unit"": 5800.0, ""is_tax_included"": false, ""is_tax_exempted"": false}",3.0HP 19/15 PUMP,
,TEXMO MOTORS,good,,2024-12-20 14:41:55.847,[],,d18c480f-5ea6-4145-9d32-afb8fc1a4450,,,2026-04-27 07:40:07.024,2325c7e3-e00d-4c2b-aa73-180e77a54f33,2.0,[],2325c7e3-e00d-4c2b-aa73-180e77a54f33,False,2.0,4e726ef2-b58c-4e32-b4ef-f7d35150db22,normal,"{""gst_percentage"": 18.0, ""is_tax_applicable"": true, ""price_with_tax"": 30500.0028, ""price_per_unit"": 25847.46, ""is_tax_included"": false, ""is_tax_exempted"": false}",0.0,NOS,[],False,3.0HP 35A/12 (3PH) SUB MOTOR,,"{""gst_percentage"": 18.0, ""is_tax_applicable"": true, ""price_with_tax"": 23081.7794, ""price_per_unit"": 19560.83, ""is_tax_included"": false, ""is_tax_exempted"": false}",3.0HP 35A/12 (3PH) SUB MOTOR,
,TEXMO MOTORS,good,,2025-03-03 11:52:37.062,[],,d18c480f-5ea6-4145-9d32-afb8fc1a4450,,,2025-03-31 05:48:27.127,153e5dc3-a5ea-4d12-92a9-722f7cda4994,0.0,[],153e5dc3-a5ea-4d12-92a9-722f7cda4994,False,0.0,4e726ef2-b58c-4e32-b4ef-f7d35150db22,normal,"{""gst_percentage"": 18.0, ""is_tax_applicable"": true, ""price_with_tax"": 36200.0046, ""price_per_unit"": 30677.97, ""is_tax_included"": false, ""is_tax_exempted"": false}",0.0,NOS,[],False,3.0HP 36-08 SUB MOTOR,,"{""gst_percentage"": 18.0, ""is_tax_applicable"": true, ""price_with_tax"": 25106.86, ""price_per_unit"": 21277.0, ""is_tax_included"": false, ""is_tax_exempted"": false}",3.0HP 36-08 SUB MOTOR,
,,good,,2025-03-04 13:03:09.995,[],,,,,2025-03-31 06:14:57.621,2e5b075c-4537-45d9-9266-8c3b056608cb,0.0,[],2e5b075c-4537-45d9-9266-8c3b056608cb,False,0.0,4e726ef2-b58c-4e32-b4ef-f7d35150db22,normal,"{""gst_percentage"": 18.0, ""is_tax_applicable"": true, ""price_with_tax"": 33600.0044, ""price_per_unit"": 28474.58, ""is_tax_included"": false, ""is_tax_exempted"": false}",0.0,NOS,[],False,3.0HP 42-06 SUB MOTOR,,"{""gst_percentage"": 18.0, ""is_tax_applicable"": true, ""price_with_tax"": 25100.96, ""price_per_unit"": 21272.0, ""is_tax_included"": false, ""is_tax_exempted"": false}",3.0HP 42-06 SUB MOTOR,
,TEXMO MOTORS,good,,2025-03-30 07:55:54.836,[],,d18c480f-5ea6-4145-9d32-afb8fc1a4450,,,2025-03-30 07:56:56.726,8b78ab01-1f46-4a3c-8354-b38f96f37201,1.0,[],8b78ab01-1f46-4a3c-8354-b38f96f37201,False,1.0,4e726ef2-b58c-4e32-b4ef-f7d35150db22,normal,"{""gst_percentage"": 18.0, ""is_tax_applicable"": true, ""price_with_tax"": 0.0, ""price_per_unit"": 0.0, ""is_tax_included"": false, ""is_tax_exempted"": false}",0.0,NOS,[],False,3.0HP 42SS-06 SUB MOTOR,,"{""gst_percentage"": 18.0, ""is_tax_applicable"": true, ""price_with_tax"": 29301.76, ""price_per_unit"": 24832.0, ""is_tax_included"": false, ""is_tax_exempted"": false}",3.0HP 42SS-06 SUB MOTOR,
84137010,TEXMO MOTORS,good,,2024-04-19 14:35:51.395,[],,d18c480f-5ea6-4145-9d32-afb8fc1a4450,,,2026-01-06 08:29:22.252,c35f0d42-0296-4762-ae90-b9bbbddf26b5,0.0,[],c35f0d42-0296-4762-ae90-b9bbbddf26b5,False,0.0,4e726ef2-b58c-4e32-b4ef-f7d35150db22,normal,"{""gst_percentage"": 18.0, ""is_tax_applicable"": true, ""price_with_tax"": 20600.0034, ""price_per_unit"": 17457.63, ""is_tax_included"": false, ""is_tax_exempted"": false}",0.0,NOS,[],False,3.0HP ASM01JS OPEN WELL SUB MOTOR,,"{""gst_percentage"": 18.0, ""is_tax_applicable"": true, ""price_with_tax"": 16048.0, ""price_per_unit"": 13600.0, ""is_tax_included"": false, ""is_tax_exempted"": false}",3.0HP ASM01JS OPEN WELL SUB MOTOR 84137010,
,TEXMO MOTORS,good,,2025-03-03 10:38:18.976,[],,d18c480f-5ea6-4145-9d32-afb8fc1a4450,,,2025-03-18 12:51:07.634,6c8dff5f-578f-49ed-aafb-78fb3e2e7398,0.0,[],6c8dff5f-578f-49ed-aafb-78fb3e2e7398,False,0.0,4e726ef2-b58c-4e32-b4ef-f7d35150db22,normal,"{""gst_percentage"": 18.0, ""is_tax_applicable"": true, ""price_with_tax"": 21300.003, ""price_per_unit"": 18050.85, ""is_tax_included"": false, ""is_tax_exempted"": false}",0.0,NOS,[],False,3.0HP OPEN WELL ASM12JS,,"{""gst_percentage"": 18.0, ""is_tax_applicable"": true, ""price_with_tax"": 16529.44, ""price_per_unit"": 14008.0, ""is_tax_included"": false, ""is_tax_exempted"": false}",3.0HP OPEN WELL ASM12JS,
,,good,,2025-04-29 14:05:07.081,[],,,,,2025-06-02 11:48:13.946,6b17820a-f4e6-46c7-9d0f-a72d278d4caf,2.0,[],6b17820a-f4e6-46c7-9d0f-a72d278d4caf,False,2.0,4e726ef2-b58c-4e32-b4ef-f7d35150db22,normal,"{""gst_percentage"": 18.0, ""is_tax_applicable"": true, ""price_with_tax"": 49.9966, ""price_per_unit"": 42.37, ""is_tax_included"": false, ""is_tax_exempted"": false}",0.0,NOS,[],False,"3/4 4"" GI NIPPLE",,"{""gst_percentage"": 18.0, ""is_tax_applicable"": true, ""price_with_tax"": 41.3, ""price_per_unit"": 35.0, ""is_tax_included"": false, ""is_tax_exempted"": false}","3/4 4"" GI NIPPLE",
,,good,,2024-04-23 07:44:42.380,[],,,,,2026-04-18 12:44:05.675,6e01f341-dc0a-4940-95d9-4c554b8d097a,23.0,[],6e01f341-dc0a-4940-95d9-4c554b8d097a,False,23.0,4e726ef2-b58c-4e32-b4ef-f7d35150db22,normal,"{""gst_percentage"": 18.0, ""is_tax_applicable"": true, ""price_with_tax"": 49.9966, ""price_per_unit"": 42.37, ""is_tax_included"": false, ""is_tax_exempted"": false}",0.0,NOS,[],False,3/4 MCB PVC BOX,,"{""gst_percentage"": 18.0, ""is_tax_applicable"": true, ""price_with_tax"": 44.0848, ""price_per_unit"": 37.36, ""is_tax_included"": false, ""is_tax_exempted"": false}",3/4 MCB PVC BOX,
,,good,,2024-05-02 11:49:11.007,[],,,,,2025-05-21 08:41:05.934,0c822e74-7ff1-4c92-8a6a-769aac6a40b1,0.0,[],0c822e74-7ff1-4c92-8a6a-769aac6a40b1,False,0.0,4e726ef2-b58c-4e32-b4ef-f7d35150db22,normal,"{""gst_percentage"": 18.0, ""is_tax_applicable"": true, ""price_with_tax"": 45.0052, ""price_per_unit"": 38.14, ""is_tax_included"": false, ""is_tax_exempted"": false}",0.0,NOS,[],False,"3/4"" 6"" GI NIPPLE",,"{""gst_percentage"": 18.0, ""is_tax_applicable"": true, ""price_with_tax"": 23.482, ""price_per_unit"": 19.9, ""is_tax_included"": false, ""is_tax_exempted"": false}","3/4"" 6"" GI NIPPLE",
,,good,,2024-04-23 08:43:38.465,[],,,,,2025-04-01 15:44:18.063,6a951267-e604-48b8-90dd-cf0eabd5ebca,0.0,[],6a951267-e604-48b8-90dd-cf0eabd5ebca,False,0.0,4e726ef2-b58c-4e32-b4ef-f7d35150db22,normal,"{""gst_percentage"": 18.0, ""is_tax_applicable"": true, ""price_with_tax"": 850.0012, ""price_per_unit"": 720.34, ""is_tax_included"": false, ""is_tax_exempted"": false}",0.0,NOS,[],False,"3/4"" WATER PIPE RATNA 30MTR'S",,"{""gst_percentage"": 18.0, ""is_tax_applicable"": true, ""price_with_tax"": 599.44, ""price_per_unit"": 508.0, ""is_tax_included"": false, ""is_tax_exempted"": false}","3/4"" WATER PIPE RATNA 30MTR'S",
,,good,,2024-12-23 12:03:57.462,[],,,,,2026-01-06 12:08:20.109,b96fdceb-c256-40c7-8310-0a9c55fcd4c6,1.0,[],b96fdceb-c256-40c7-8310-0a9c55fcd4c6,False,1.0,4e726ef2-b58c-4e32-b4ef-f7d35150db22,normal,"{""gst_percentage"": 18.0, ""is_tax_applicable"": true, ""price_with_tax"": 170.0026, ""price_per_unit"": 144.07, ""is_tax_included"": false, ""is_tax_exempted"": false}",0.0,NOS,[],False,30 MFD CAPACITOR WIRE,,"{""gst_percentage"": 18.0, ""is_tax_applicable"": true, ""price_with_tax"": 118.177, ""price_per_unit"": 100.15, ""is_tax_included"": false, ""is_tax_exempted"": false}",30 MFD CAPACITOR WIRE,
,,good,,2024-04-23 12:08:10.000,[],,,,,2025-01-23 15:21:49.049,cf0fa4b7-9190-4f5a-a3d7-48fcd368fa81,2.0,[],cf0fa4b7-9190-4f5a-a3d7-48fcd368fa81,False,2.0,4e726ef2-b58c-4e32-b4ef-f7d35150db22,normal,"{""gst_percentage"": 18.0, ""is_tax_applicable"": true, ""price_with_tax"": 150.0016, ""price_per_unit"": 127.12, ""is_tax_included"": false, ""is_tax_exempted"": false}",0.0,NOS,[],False,30A AMP METER,,"{""gst_percentage"": 18.0, ""is_tax_applicable"": true, ""price_with_tax"": 109.9996, ""price_per_unit"": 93.22, ""is_tax_included"": false, ""is_tax_exempted"": false}",30A AMP METER,
,,good,,2024-04-23 12:08:09.998,[],,,,,2025-03-18 06:40:52.998,e737fb79-0170-422c-b418-0a5743e56c75,4.0,[],e737fb79-0170-422c-b418-0a5743e56c75,False,4.0,4e726ef2-b58c-4e32-b4ef-f7d35150db22,normal,"{""gst_percentage"": 18.0, ""is_tax_applicable"": true, ""price_with_tax"": 130.0006, ""price_per_unit"": 110.17, ""is_tax_included"": false, ""is_tax_exempted"": false}",0.0,NOS,[],False,32A  FUSE LINKS PADMINI,,"{""gst_percentage"": 18.0, ""is_tax_applicable"": true, ""price_with_tax"": 89.9986, ""price_per_unit"": 76.27, ""is_tax_included"": false, ""is_tax_exempted"": false}",32A  FUSE LINKS PADMINI,
,,good,,2025-03-04 13:08:07.522,[],,,,,2026-05-02 05:51:48.931,37b33982-b5d1-4671-b77b-dc2768df3a4a,2.0,[],37b33982-b5d1-4671-b77b-dc2768df3a4a,False,2.0,4e726ef2-b58c-4e32-b4ef-f7d35150db22,normal,"{""gst_percentage"": 18.0, ""is_tax_applicable"": true, ""price_with_tax"": 150.0016, ""price_per_unit"": 127.12, ""is_tax_included"": false, ""is_tax_exempted"": false}",0.0,NOS,[],False,32A FUSE LINKS -GM,,"{""gst_percentage"": 18.0, ""is_tax_applicable"": true, ""price_with_tax"": 108.56, ""price_per_unit"": 92.0, ""is_tax_included"": false, ""is_tax_exempted"": false}",32A FUSE LINKS -GM,
,L&T,good,,2024-04-23 06:46:39.083,[],,719ebe4e-4df6-45f2-922e-b8e823b18d50,,,2026-04-18 08:46:06.943,e70b1ac6-49ff-424e-9cdc-fb1ae60bb332,4.0,[],e70b1ac6-49ff-424e-9cdc-fb1ae60bb332,False,4.0,4e726ef2-b58c-4e32-b4ef-f7d35150db22,normal,"{""gst_percentage"": 18.0, ""is_tax_applicable"": true, ""price_with_tax"": 850.0012, ""price_per_unit"": 720.34, ""is_tax_included"": false, ""is_tax_exempted"": false}",0.0,NOS,[],False,32A TP MCB LT-LK,,"{""gst_percentage"": 18.0, ""is_tax_applicable"": true, ""price_with_tax"": 682.512, ""price_per_unit"": 578.4, ""is_tax_included"": false, ""is_tax_exempted"": false}",32A TP MCB LT-LK,
,,good,,2024-07-12 14:34:35.377,[],,,,,2024-08-31 15:37:36.097,5f83c917-a24b-4978-a75a-7cf6475e9099,0.0,[],5f83c917-a24b-4978-a75a-7cf6475e9099,False,0.0,4e726ef2-b58c-4e32-b4ef-f7d35150db22,normal,"{""gst_percentage"": 18.0, ""is_tax_applicable"": true, ""price_with_tax"": 26.668, ""price_per_unit"": 22.6, ""is_tax_included"": false, ""is_tax_exempted"": false}",0.0,NOS,[],False,35SQMM ALU LUGS (PIN),,"{""gst_percentage"": 18.0, ""is_tax_applicable"": true, ""price_with_tax"": 8.4016, ""price_per_unit"": 7.12, ""is_tax_included"": false, ""is_tax_exempted"": false}",35SQMM ALU LUGS (PIN),
,L&T,good,,2026-01-06 06:31:10.798,[],,719ebe4e-4df6-45f2-922e-b8e823b18d50,,,2026-01-06 13:52:30.350,d3e54866-a567-46a9-818d-dff6636aa660,2.0,[],d3e54866-a567-46a9-818d-dff6636aa660,False,2.0,4e726ef2-b58c-4e32-b4ef-f7d35150db22,normal,"{""gst_percentage"": 0.0, ""is_tax_applicable"": false, ""price_with_tax"": 200.0, ""price_per_unit"": 200.0, ""is_tax_included"": true, ""is_tax_exempted"": false}",0.0,NOS,[],False,36 MFD CAPACITOR PIN,,"{""gst_percentage"": 0.0, ""is_tax_applicable"": false, ""price_with_tax"": 120.9, ""price_per_unit"": 120.9, ""is_tax_included"": true, ""is_tax_exempted"": false}",36 MFD CAPACITOR PIN,
,L&T,good,,2024-04-23 06:46:39.085,[],,719ebe4e-4df6-45f2-922e-b8e823b18d50,,,2026-05-01 14:11:48.422,c4b2703a-6ffb-4b79-8919-d03e9c9d8e61,5.0,[],c4b2703a-6ffb-4b79-8919-d03e9c9d8e61,False,5.0,4e726ef2-b58c-4e32-b4ef-f7d35150db22,normal,"{""gst_percentage"": 18.0, ""is_tax_applicable"": true, ""price_with_tax"": 225.0024, ""price_per_unit"": 190.68, ""is_tax_included"": false, ""is_tax_exempted"": false}",0.0,NOS,[],False,36 MFD CAPACITOR WIRE,,"{""gst_percentage"": 18.0, ""is_tax_applicable"": true, ""price_with_tax"": 115.0854, ""price_per_unit"": 97.53, ""is_tax_included"": false, ""is_tax_exempted"": false}",36 MFD CAPACITOR WIRE,
,TIBCON,good,,2024-04-23 12:08:10.001,[],,2b4ab3ae-5e72-4da6-861f-414fc59b412e,,,2026-01-06 06:09:40.302,5d70486b-d831-46c4-a4c1-70f178125bb2,1.0,[],5d70486b-d831-46c4-a4c1-70f178125bb2,False,1.0,4e726ef2-b58c-4e32-b4ef-f7d35150db22,normal,"{""gst_percentage"": 18.0, ""is_tax_applicable"": true, ""price_with_tax"": 159.9962, ""price_per_unit"": 135.59, ""is_tax_included"": false, ""is_tax_exempted"": false}",0.0,NOS,[],False,36 MFD CAPACITOR- TIBCON,,"{""gst_percentage"": 18.0, ""is_tax_applicable"": true, ""price_with_tax"": 99.9932, ""price_per_unit"": 84.74, ""is_tax_included"": false, ""is_tax_exempted"": false}",36 MFD CAPACITOR- TIBCON,
,,good,,2024-12-20 15:08:18.313,[],,,,,2024-12-20 15:32:33.033,25215cba-eedd-4f15-951c-87625780a21c,3.0,[],25215cba-eedd-4f15-951c-87625780a21c,False,3.0,4e726ef2-b58c-4e32-b4ef-f7d35150db22,normal,"{""gst_percentage"": 18.0, ""is_tax_applicable"": true, ""price_with_tax"": 0.0, ""price_per_unit"": 0.0, ""is_tax_included"": false, ""is_tax_exempted"": false}",0.0,NOS,[],False,3LTR'S FASTON GEYSER,,"{""gst_percentage"": 18.0, ""is_tax_applicable"": true, ""price_with_tax"": 3430.0122, ""price_per_unit"": 2906.79, ""is_tax_included"": false, ""is_tax_exempted"": false}",3LTR'S FASTON GEYSER,
,L&T,good,,2024-04-23 06:46:39.082,[],,719ebe4e-4df6-45f2-922e-b8e823b18d50,,,2024-04-23 06:46:39.082,47c3d70d-2989-4eb0-8433-b3bdb767b050,2.0,[],47c3d70d-2989-4eb0-8433-b3bdb767b050,False,2.0,4e726ef2-b58c-4e32-b4ef-f7d35150db22,normal,"{""gst_percentage"": 18.0, ""is_tax_applicable"": true, ""price_with_tax"": 0.0, ""price_per_unit"": 0.0, ""is_tax_included"": false, ""is_tax_exempted"": false}",0.0,NOS,[],False,4 KVAR AGRI,,"{""gst_percentage"": 18.0, ""is_tax_applicable"": true, ""price_with_tax"": 486.2662, ""price_per_unit"": 412.09, ""is_tax_included"": false, ""is_tax_exempted"": false}",4 KVAR AGRI,
,,good,,2024-12-20 15:31:11.151,[],,,,,2026-04-18 12:44:05.672,be8ec2f3-d046-4712-bc4f-7571743e4b08,26.0,[],be8ec2f3-d046-4712-bc4f-7571743e4b08,False,26.0,4e726ef2-b58c-4e32-b4ef-f7d35150db22,normal,"{""gst_percentage"": 18.0, ""is_tax_applicable"": true, ""price_with_tax"": 49.9966, ""price_per_unit"": 42.37, ""is_tax_included"": false, ""is_tax_exempted"": false}",0.0,NOS,[],False,"4"" SS NUT & BOLT",,"{""gst_percentage"": 18.0, ""is_tax_applicable"": true, ""price_with_tax"": 14.7854, ""price_per_unit"": 12.53, ""is_tax_included"": false, ""is_tax_exempted"": false}","4"" SS NUT & BOLT",
,L&T,good,,2024-04-23 06:59:34.709,[],,719ebe4e-4df6-45f2-922e-b8e823b18d50,,,2024-04-23 06:59:34.709,25e4e843-e1d7-4c73-9fd7-3d740710a5e5,2.0,[],25e4e843-e1d7-4c73-9fd7-3d740710a5e5,False,2.0,4e726ef2-b58c-4e32-b4ef-f7d35150db22,normal,"{""gst_percentage"": 18.0, ""is_tax_applicable"": true, ""price_with_tax"": 0.0, ""price_per_unit"": 0.0, ""is_tax_included"": false, ""is_tax_exempted"": false}",0.0,NOS,[],False,40 MFD CAPACITOR WIRE,,"{""gst_percentage"": 18.0, ""is_tax_applicable"": true, ""price_with_tax"": 135.2752, ""price_per_unit"": 114.64, ""is_tax_included"": false, ""is_tax_exempted"": false}",40 MFD CAPACITOR WIRE,
,L&T,good,,2026-01-05 17:18:58.403,[],,719ebe4e-4df6-45f2-922e-b8e823b18d50,,,2026-03-21 07:13:03.054,fe05138b-fd07-4eb2-93e8-48bd09943337,10.0,[],fe05138b-fd07-4eb2-93e8-48bd09943337,False,10.0,4e726ef2-b58c-4e32-b4ef-f7d35150db22,normal,"{""gst_percentage"": 0.0, ""is_tax_applicable"": false, ""price_with_tax"": 175.0, ""price_per_unit"": 175.0, ""is_tax_included"": true, ""is_tax_exempted"": false}",0.0,MTR,[],False,4SQ FLAT CABLE,,"{""gst_percentage"": 0.0, ""is_tax_applicable"": false, ""price_with_tax"": 114.67, ""price_per_unit"": 114.67, ""is_tax_included"": true, ""is_tax_exempted"": false}",4SQ FLAT CABLE,
,,good,,2024-04-23 11:54:48.176,[],,,,,2026-05-02 13:50:14.036,841ee622-1b00-48be-ab65-f9895ffe5079,19.0,[],841ee622-1b00-48be-ab65-f9895ffe5079,False,19.0,4e726ef2-b58c-4e32-b4ef-f7d35150db22,normal,"{""gst_percentage"": 18.0, ""is_tax_applicable"": true, ""price_with_tax"": 150.0016, ""price_per_unit"": 127.12, ""is_tax_included"": false, ""is_tax_exempted"": false}",0.0,NOS,[],False,"5"" BORECAP",,"{""gst_percentage"": 18.0, ""is_tax_applicable"": true, ""price_with_tax"": 45.0052, ""price_per_unit"": 38.14, ""is_tax_included"": false, ""is_tax_exempted"": false}","5"" BORECAP",
,,good,,2024-04-23 11:54:48.172,[],,,,,2026-01-06 07:20:17.416,408fc18a-d9a4-4250-a864-8481446c776a,10.0,[],408fc18a-d9a4-4250-a864-8481446c776a,False,10.0,4e726ef2-b58c-4e32-b4ef-f7d35150db22,normal,"{""gst_percentage"": 18.0, ""is_tax_applicable"": true, ""price_with_tax"": 25.0042, ""price_per_unit"": 21.19, ""is_tax_included"": false, ""is_tax_exempted"": false}",0.0,NOS,[],False,"5"" SS NUT & BOLT",,"{""gst_percentage"": 18.0, ""is_tax_applicable"": true, ""price_with_tax"": 16.992, ""price_per_unit"": 14.4, ""is_tax_included"": false, ""is_tax_exempted"": false}","5"" SS NUT & BOLT",
84137010,TEXMO MOTORS,good,,2024-04-19 13:52:10.686,[],,d18c480f-5ea6-4145-9d32-afb8fc1a4450,,,2026-01-06 13:10:33.041,b7aa1b5a-3ea8-47fc-b7df-01a5a65d0765,0.0,[],b7aa1b5a-3ea8-47fc-b7df-01a5a65d0765,False,0.0,4e726ef2-b58c-4e32-b4ef-f7d35150db22,normal,"{""gst_percentage"": 18.0, ""is_tax_applicable"": true, ""price_with_tax"": 39799.9958, ""price_per_unit"": 33728.81, ""is_tax_included"": false, ""is_tax_exempted"": false}",0.0,NOS,[],False,5.0HP  42-10 SUB MOTOR,,"{""gst_percentage"": 18.0, ""is_tax_applicable"": true, ""price_with_tax"": 29273.44, ""price_per_unit"": 24808.0, ""is_tax_included"": false, ""is_tax_exempted"": false}",5.0HP  42-10 SUB MOTOR 84137010,
84137010,TEXMO MOTORS,good,,2024-04-19 13:52:10.686,[],,d18c480f-5ea6-4145-9d32-afb8fc1a4450,,,2024-04-19 14:47:04.234,059551a3-ed59-47af-9ab8-d57201b7f7b1,1.0,[],059551a3-ed59-47af-9ab8-d57201b7f7b1,False,1.0,4e726ef2-b58c-4e32-b4ef-f7d35150db22,normal,"{""gst_percentage"": 18.0, ""is_tax_applicable"": true, ""price_with_tax"": 0.0, ""price_per_unit"": 0.0, ""is_tax_included"": false, ""is_tax_exempted"": false}",0.0,NOS,[],False,5.0HP  49-06 SUB MOTOR,,"{""gst_percentage"": 18.0, ""is_tax_applicable"": true, ""price_with_tax"": 27092.8, ""price_per_unit"": 22960.0, ""is_tax_included"": false, ""is_tax_exempted"": false}",5.0HP  49-06 SUB MOTOR 84137010,
,TEXMO MOTORS,good,,2024-12-20 10:01:46.875,[],,d18c480f-5ea6-4145-9d32-afb8fc1a4450,,,2025-07-14 11:11:53.867,836870ac-84b6-4868-9809-2320628af6a4,0.0,[],836870ac-84b6-4868-9809-2320628af6a4,False,0.0,4e726ef2-b58c-4e32-b4ef-f7d35150db22,normal,"{""gst_percentage"": 18.0, ""is_tax_applicable"": true, ""price_with_tax"": 37499.9988, ""price_per_unit"": 31779.66, ""is_tax_included"": false, ""is_tax_exempted"": false}",0.0,NOS,[],False,5.0HP 2-05 SUB MOTOR,,"{""gst_percentage"": 18.0, ""is_tax_applicable"": true, ""price_with_tax"": 27053.2464, ""price_per_unit"": 22926.48, ""is_tax_included"": false, ""is_tax_exempted"": false}",5.0HP 2-05 SUB MOTOR,
,TEXMO MOTORS,good,,2025-05-17 13:03:26.969,[],,d18c480f-5ea6-4145-9d32-afb8fc1a4450,,,2025-06-02 08:25:44.463,061de8bb-9026-47a1-8b81-52d84ffd7185,0.0,[],061de8bb-9026-47a1-8b81-52d84ffd7185,False,0.0,4e726ef2-b58c-4e32-b4ef-f7d35150db22,normal,"{""gst_percentage"": 18.0, ""is_tax_applicable"": true, ""price_with_tax"": 40600.0004, ""price_per_unit"": 34406.78, ""is_tax_included"": false, ""is_tax_exempted"": false}",0.0,NOS,[],False,5.0HP 2W-04 SUB MOTOR,,"{""gst_percentage"": 18.0, ""is_tax_applicable"": true, ""price_with_tax"": 31576.8, ""price_per_unit"": 26760.0, ""is_tax_included"": false, ""is_tax_exempted"": false}",5.0HP 2W-04 SUB MOTOR,
,TEXMO MOTORS,good,,2026-01-06 07:26:24.233,[],,d18c480f-5ea6-4145-9d32-afb8fc1a4450,,,2026-04-18 08:04:10.154,4f7635e9-74e6-4ac8-9df8-5d73d5fd8878,0.0,[],4f7635e9-74e6-4ac8-9df8-5d73d5fd8878,False,0.0,4e726ef2-b58c-4e32-b4ef-f7d35150db22,normal,"{""gst_percentage"": 18.0, ""is_tax_applicable"": true, ""price_with_tax"": 38600.0, ""price_per_unit"": 38600.0, ""is_tax_included"": true, ""is_tax_exempted"": false}",0.0,NOS,[],False,5.0HP 47-08 MOTOR TEXMO,,"{""gst_percentage"": 18.0, ""is_tax_applicable"": true, ""price_with_tax"": 25144.0, ""price_per_unit"": 25144.0, ""is_tax_included"": true, ""is_tax_exempted"": false}",5.0HP 47-08 MOTOR TEXMO,
,L&T,good,,2024-04-23 06:59:34.707,[],,719ebe4e-4df6-45f2-922e-b8e823b18d50,,,2026-05-02 06:26:23.505,792218df-3964-46d8-ac82-1b5885cf8f5c,12.0,[],792218df-3964-46d8-ac82-1b5885cf8f5c,False,12.0,4e726ef2-b58c-4e32-b4ef-f7d35150db22,normal,"{""gst_percentage"": 18.0, ""is_tax_applicable"": true, ""price_with_tax"": 245.0034, ""price_per_unit"": 207.63, ""is_tax_included"": false, ""is_tax_exempted"": false}",0.0,NOS,[],False,50 MFD CAPACITOR WIRE,,"{""gst_percentage"": 18.0, ""is_tax_applicable"": true, ""price_with_tax"": 164.1262, ""price_per_unit"": 139.09, ""is_tax_included"": false, ""is_tax_exempted"": false}",50 MFD CAPACITOR WIRE,
,TIBCON,good,,2024-04-23 12:08:10.000,[],,2b4ab3ae-5e72-4da6-861f-414fc59b412e,,,2024-07-02 07:27:31.808,e9cca04a-505b-46d6-9819-0c7ba5ddae38,2.0,[],e9cca04a-505b-46d6-9819-0c7ba5ddae38,False,2.0,4e726ef2-b58c-4e32-b4ef-f7d35150db22,normal,"{""gst_percentage"": 18.0, ""is_tax_applicable"": true, ""price_with_tax"": 0.0, ""price_per_unit"": 0.0, ""is_tax_included"": false, ""is_tax_exempted"": false}",0.0,NOS,[],False,50 MFD CAPACITOR- TIBCON,,"{""gst_percentage"": 18.0, ""is_tax_applicable"": true, ""price_with_tax"": 119.9942, ""price_per_unit"": 101.69, ""is_tax_included"": false, ""is_tax_exempted"": false}",50 MFD CAPACITOR- TIBCON,
,,good,,2024-04-23 12:08:09.999,[],,,,,2024-04-23 12:08:09.999,f15c5ee4-afce-42d3-a816-83562e3c49e4,8.0,[],f15c5ee4-afce-42d3-a816-83562e3c49e4,False,8.0,4e726ef2-b58c-4e32-b4ef-f7d35150db22,normal,"{""gst_percentage"": 18.0, ""is_tax_applicable"": true, ""price_with_tax"": 0.0, ""price_per_unit"": 0.0, ""is_tax_included"": false, ""is_tax_exempted"": false}",0.0,NOS,[],False,500V VOLT METER,,"{""gst_percentage"": 18.0, ""is_tax_applicable"": true, ""price_with_tax"": 109.9996, ""price_per_unit"": 93.22, ""is_tax_included"": false, ""is_tax_exempted"": false}",500V VOLT METER,
,,good,,2024-04-23 12:08:09.998,[],,,,,2026-05-02 07:12:36.705,7d9dad7a-e21b-48f4-89cb-43b447a69685,44.0,[],7d9dad7a-e21b-48f4-89cb-43b447a69685,False,44.0,4e726ef2-b58c-4e32-b4ef-f7d35150db22,normal,"{""gst_percentage"": 18.0, ""is_tax_applicable"": true, ""price_with_tax"": 300.0032, ""price_per_unit"": 254.24, ""is_tax_included"": false, ""is_tax_exempted"": false}",0.0,NOS,[],False,63A RYB FUSE LINKS,,"{""gst_percentage"": 18.0, ""is_tax_applicable"": true, ""price_with_tax"": 199.9982, ""price_per_unit"": 169.49, ""is_tax_included"": false, ""is_tax_exempted"": false}",63A RYB FUSE LINKS,
,L&T,good,,2024-04-24 12:37:37.201,[],,719ebe4e-4df6-45f2-922e-b8e823b18d50,,,2026-01-06 05:37:25.961,ee15db39-8619-4c79-b112-2308e5aa9266,3.0,[],ee15db39-8619-4c79-b112-2308e5aa9266,False,3.0,4e726ef2-b58c-4e32-b4ef-f7d35150db22,normal,"{""gst_percentage"": 0.0, ""is_tax_applicable"": false, ""price_with_tax"": 1000.0, ""price_per_unit"": 1000.0, ""is_tax_included"": false, ""is_tax_exempted"": false}",0.0,NOS,[],False,63A TP MCB LT-LK,,"{""gst_percentage"": 0.0, ""is_tax_applicable"": false, ""price_with_tax"": 887.58, ""price_per_unit"": 887.58, ""is_tax_included"": false, ""is_tax_exempted"": false}",63A TP MCB LT-LK,
,,good,,2024-04-23 07:44:42.378,[],,,,,2024-04-23 07:44:42.378,8568b15c-097a-413a-9328-30d3e35455ac,1.0,[],8568b15c-097a-413a-9328-30d3e35455ac,False,1.0,4e726ef2-b58c-4e32-b4ef-f7d35150db22,normal,"{""gst_percentage"": 18.0, ""is_tax_applicable"": true, ""price_with_tax"": 0.0, ""price_per_unit"": 0.0, ""is_tax_included"": false, ""is_tax_exempted"": false}",0.0,NOS,[],False,6A ACCL BENTEC,,"{""gst_percentage"": 18.0, ""is_tax_applicable"": true, ""price_with_tax"": 1052.56, ""price_per_unit"": 892.0, ""is_tax_included"": false, ""is_tax_exempted"": false}",6A ACCL BENTEC,
,,good,,2025-07-19 14:37:18.740,[],,,,,2025-07-19 14:38:27.325,95c4ca24-fbd3-42ff-b683-619e995c2e21,5.0,[],95c4ca24-fbd3-42ff-b683-619e995c2e21,False,5.0,4e726ef2-b58c-4e32-b4ef-f7d35150db22,normal,"{""gst_percentage"": 18.0, ""is_tax_applicable"": true, ""price_with_tax"": 0.0, ""price_per_unit"": 0.0, ""is_tax_included"": false, ""is_tax_exempted"": false}",0.0,NOS,[],False,6A SS COMBINED,,"{""gst_percentage"": 18.0, ""is_tax_applicable"": true, ""price_with_tax"": 83.4024, ""price_per_unit"": 70.68, ""is_tax_included"": false, ""is_tax_exempted"": false}",6A SS COMBINED,
,,good,,2025-03-04 08:08:21.817,[],,,,,2025-03-04 08:10:35.779,f739fb41-a016-405d-8593-b0c08e5105f6,1.0,[],f739fb41-a016-405d-8593-b0c08e5105f6,False,1.0,4e726ef2-b58c-4e32-b4ef-f7d35150db22,normal,"{""gst_percentage"": 18.0, ""is_tax_applicable"": true, ""price_with_tax"": 0.0, ""price_per_unit"": 0.0, ""is_tax_included"": false, ""is_tax_exempted"": false}",0.0,NOS,[],False,6LTR'S FINESS GEYSER,,"{""gst_percentage"": 18.0, ""is_tax_applicable"": true, ""price_with_tax"": 7600.0024, ""price_per_unit"": 6440.68, ""is_tax_included"": false, ""is_tax_exempted"": false}",6LTR'S FINESS GEYSER,
,,good,,2026-01-06 07:35:56.705,[],,,,,2026-04-18 08:46:06.948,a2e64fba-38d0-4dd8-8be5-8fd86328e43e,7.0,[],a2e64fba-38d0-4dd8-8be5-8fd86328e43e,False,7.0,4e726ef2-b58c-4e32-b4ef-f7d35150db22,normal,"{""gst_percentage"": 18.0, ""is_tax_applicable"": true, ""price_with_tax"": 60.0, ""price_per_unit"": 60.0, ""is_tax_included"": true, ""is_tax_exempted"": false}",0.0,MTR,[],False,6SQMM COPPER WIRE,,"{""gst_percentage"": 18.0, ""is_tax_applicable"": true, ""price_with_tax"": 83.84, ""price_per_unit"": 83.84, ""is_tax_included"": true, ""is_tax_exempted"": false}",6SQMM COPPER WIRE,
,,good,,2024-04-23 11:54:48.176,[],,,,,2026-04-18 08:04:10.174,c1688db7-5f03-46a2-a9a2-3229384181c7,31.0,[],c1688db7-5f03-46a2-a9a2-3229384181c7,False,31.0,4e726ef2-b58c-4e32-b4ef-f7d35150db22,normal,"{""gst_percentage"": 18.0, ""is_tax_applicable"": true, ""price_with_tax"": 199.9982, ""price_per_unit"": 169.49, ""is_tax_included"": false, ""is_tax_exempted"": false}",0.0,NOS,[],False,"7"" BORECAP",,"{""gst_percentage"": 18.0, ""is_tax_applicable"": true, ""price_with_tax"": 55.6016, ""price_per_unit"": 47.12, ""is_tax_included"": false, ""is_tax_exempted"": false}","7"" BORECAP",
,,good,,2024-04-23 08:43:38.465,[],,,,,2026-01-06 13:10:33.052,eccfc34d-c251-4a60-9b9e-ab86dfb07b2b,325.0,[],eccfc34d-c251-4a60-9b9e-ab86dfb07b2b,False,325.0,4e726ef2-b58c-4e32-b4ef-f7d35150db22,normal,"{""gst_percentage"": 18.0, ""is_tax_applicable"": true, ""price_with_tax"": 20.001, ""price_per_unit"": 16.95, ""is_tax_included"": false, ""is_tax_exempted"": false}",0.0,MTR,[],False,7/18 SINGLE CORE SERVICE WIRE 90MTRS,,"{""gst_percentage"": 18.0, ""is_tax_applicable"": true, ""price_with_tax"": 13.4992, ""price_per_unit"": 11.44, ""is_tax_included"": false, ""is_tax_exempted"": false}",7/18 SINGLE CORE SERVICE WIRE 90MTRS,
,,good,,2025-04-29 13:58:05.192,[],,,,,2026-04-18 12:45:27.421,4d5aa6e4-cb9a-4c83-94ce-0607c201ba24,104.0,[],4d5aa6e4-cb9a-4c83-94ce-0607c201ba24,False,104.0,4e726ef2-b58c-4e32-b4ef-f7d35150db22,normal,"{""gst_percentage"": 18.0, ""is_tax_applicable"": true, ""price_with_tax"": 20.001, ""price_per_unit"": 16.95, ""is_tax_included"": false, ""is_tax_exempted"": false}",0.0,MTR,[],False,7/18 SINGLE CORE SERVICE WIRE 90MTRS-GL,,"{""gst_percentage"": 18.0, ""is_tax_applicable"": true, ""price_with_tax"": 14.514, ""price_per_unit"": 12.3, ""is_tax_included"": false, ""is_tax_exempted"": false}",7/18 SINGLE CORE SERVICE WIRE 90MTRS-GL,
,,good,,2025-03-04 06:52:43.622,[],,,,,2025-04-01 11:56:19.573,ecdabbef-f398-4e44-9830-21e514bf4b0c,60.0,[],ecdabbef-f398-4e44-9830-21e514bf4b0c,False,60.0,4e726ef2-b58c-4e32-b4ef-f7d35150db22,normal,"{""gst_percentage"": 18.0, ""is_tax_applicable"": true, ""price_with_tax"": 29.9956, ""price_per_unit"": 25.42, ""is_tax_included"": false, ""is_tax_exempted"": false}",0.0,MTR,[],False,7/20 DOUBLE CORE SERVICE WIRE 90MTRS,,"{""gst_percentage"": 18.0, ""is_tax_applicable"": true, ""price_with_tax"": 23.8006, ""price_per_unit"": 20.17, ""is_tax_included"": false, ""is_tax_exempted"": false}",7/20 DOUBLE CORE SERVICE WIRE 90MTRS,
,,good,,2024-04-23 08:43:38.466,[],,,,,2026-01-26 08:14:11.055,ecd8686e-c9cf-4914-ac42-f043a7830291,90.0,[],ecd8686e-c9cf-4914-ac42-f043a7830291,False,90.0,4e726ef2-b58c-4e32-b4ef-f7d35150db22,normal,"{""gst_percentage"": 18.0, ""is_tax_applicable"": true, ""price_with_tax"": 13.334, ""price_per_unit"": 11.3, ""is_tax_included"": false, ""is_tax_exempted"": false}",0.0,MTR,[],False,7/20 SINGLE CORE SERVICE WIRE 90MTRS,,"{""gst_percentage"": 18.0, ""is_tax_applicable"": true, ""price_with_tax"": 9.7586, ""price_per_unit"": 8.27, ""is_tax_included"": false, ""is_tax_exempted"": false}",7/20 SINGLE CORE SERVICE WIRE 90MTRS,
,,good,,2025-04-29 14:00:21.167,[],,,,,2026-01-06 13:31:44.300,ce89a74f-9b7a-4315-ad98-7cef0c73046f,0.0,[],ce89a74f-9b7a-4315-ad98-7cef0c73046f,False,0.0,4e726ef2-b58c-4e32-b4ef-f7d35150db22,normal,"{""gst_percentage"": 18.0, ""is_tax_applicable"": true, ""price_with_tax"": 13.8886, ""price_per_unit"": 11.77, ""is_tax_included"": false, ""is_tax_exempted"": false}",0.0,MTR,[],False,7/20 SINGLE CORE SERVICE WIRE 90MTRS-GL,,"{""gst_percentage"": 18.0, ""is_tax_applicable"": true, ""price_with_tax"": 11.3752, ""price_per_unit"": 9.64, ""is_tax_included"": false, ""is_tax_exempted"": false}",7/20 SINGLE CORE SERVICE WIRE 90MTRS-GL,
,L&T,good,,2024-04-23 06:59:34.707,[],,719ebe4e-4df6-45f2-922e-b8e823b18d50,,,2026-04-18 06:18:15.909,03448ce6-e2f5-41b0-963e-9ffdf99da831,14.0,[],03448ce6-e2f5-41b0-963e-9ffdf99da831,False,14.0,4e726ef2-b58c-4e32-b4ef-f7d35150db22,normal,"{""gst_percentage"": 18.0, ""is_tax_applicable"": true, ""price_with_tax"": 179.9972, ""price_per_unit"": 152.54, ""is_tax_included"": false, ""is_tax_exempted"": false}",0.0,NOS,[],False,80/100 MFD CAPACITOR WIRE,,"{""gst_percentage"": 18.0, ""is_tax_applicable"": true, ""price_with_tax"": 141.6, ""price_per_unit"": 120.0, ""is_tax_included"": false, ""is_tax_exempted"": false}",80/100 MFD CAPACITOR WIRE,
,CROMPTON,good,,2026-01-06 06:30:37.291,[],,fe8d67c1-01c9-4679-b6ae-1f28e8b0dd38,,,2026-05-01 14:11:48.427,c740915c-f0d4-416c-9849-cf4383965d36,7.0,[],c740915c-f0d4-416c-9849-cf4383965d36,False,7.0,4e726ef2-b58c-4e32-b4ef-f7d35150db22,normal,"{""gst_percentage"": 0.0, ""is_tax_applicable"": false, ""price_with_tax"": 300.0, ""price_per_unit"": 300.0, ""is_tax_included"": true, ""is_tax_exempted"": false}",0.0,NOS,[],False,9W INVERTER LED CG,,"{""gst_percentage"": 0.0, ""is_tax_applicable"": false, ""price_with_tax"": 187.98, ""price_per_unit"": 187.98, ""is_tax_included"": true, ""is_tax_exempted"": false}",9W INVERTER LED CG,
,,good,,2024-04-23 11:54:48.178,[],,,,,2026-04-18 12:44:05.669,b6684313-c4df-49db-8bcb-457cdb39e84b,3.0,[],b6684313-c4df-49db-8bcb-457cdb39e84b,False,3.0,4e726ef2-b58c-4e32-b4ef-f7d35150db22,normal,"{""gst_percentage"": 18.0, ""is_tax_applicable"": true, ""price_with_tax"": 450.0048, ""price_per_unit"": 381.36, ""is_tax_included"": false, ""is_tax_exempted"": false}",0.0,NOS,[],False,AMP/VOLT METER,,"{""gst_percentage"": 18.0, ""is_tax_applicable"": true, ""price_with_tax"": 239.9884, ""price_per_unit"": 203.38, ""is_tax_included"": false, ""is_tax_exempted"": false}",AMP/VOLT METER,
,,service,,2024-04-25 11:41:14.852,[],,,,,2024-04-25 11:41:14.852,02b6b76b-a77a-4dff-b9d9-bd01d0b830cc,0.0,[],02b6b76b-a77a-4dff-b9d9-bd01d0b830cc,False,0.0,4e726ef2-b58c-4e32-b4ef-f7d35150db22,normal,"{""gst_percentage"": 0.0, ""is_tax_applicable"": false, ""price_with_tax"": 0.0, ""price_per_unit"": 0.0, ""is_tax_included"": true, ""is_tax_exempted"": false}",0.0,PCS,[],False,CASH DISCOUNT,,"{""gst_percentage"": 0.0, ""is_tax_applicable"": false, ""price_with_tax"": 0.0, ""price_per_unit"": 0.0, ""is_tax_included"": true, ""is_tax_exempted"": false}",CASH DISCOUNT,
,,good,,2024-12-20 15:17:31.644,[],,,,,2024-12-20 15:32:33.047,6aa4acd1-f024-4b1d-9f9d-e701146f8180,20.0,[],6aa4acd1-f024-4b1d-9f9d-e701146f8180,False,20.0,4e726ef2-b58c-4e32-b4ef-f7d35150db22,normal,"{""gst_percentage"": 18.0, ""is_tax_applicable"": true, ""price_with_tax"": 0.0, ""price_per_unit"": 0.0, ""is_tax_included"": false, ""is_tax_exempted"": false}",0.0,NOS,[],False,FAN CLAMP SET,,"{""gst_percentage"": 18.0, ""is_tax_applicable"": true, ""price_with_tax"": 21.004, ""price_per_unit"": 17.8, ""is_tax_included"": false, ""is_tax_exempted"": false}",FAN CLAMP SET,
,,good,,2024-12-20 15:16:30.536,[],,,,,2026-01-06 08:49:07.328,9e0daf2d-373e-4b9d-88ee-f5faca88a681,1.0,[],9e0daf2d-373e-4b9d-88ee-f5faca88a681,False,1.0,4e726ef2-b58c-4e32-b4ef-f7d35150db22,normal,"{""gst_percentage"": 18.0, ""is_tax_applicable"": true, ""price_with_tax"": 1599.9974, ""price_per_unit"": 1355.93, ""is_tax_included"": false, ""is_tax_exempted"": false}",0.0,NOS,[],False,GALOOP 1200MM CEILING FAN,,"{""gst_percentage"": 18.0, ""is_tax_applicable"": true, ""price_with_tax"": 1344.8696, ""price_per_unit"": 1139.72, ""is_tax_included"": false, ""is_tax_exempted"": false}",GALOOP 1200MM CEILING FAN,
,CROMPTON,good,,2026-01-05 18:13:35.496,[],,fe8d67c1-01c9-4679-b6ae-1f28e8b0dd38,,,2026-04-18 08:40:26.666,2a5d9a35-2580-471a-9fb8-992725674fb4,3.0,[],2a5d9a35-2580-471a-9fb8-992725674fb4,False,3.0,4e726ef2-b58c-4e32-b4ef-f7d35150db22,normal,"{""gst_percentage"": 0.0, ""is_tax_applicable"": false, ""price_with_tax"": 1600.0, ""price_per_unit"": 1600.0, ""is_tax_included"": true, ""is_tax_exempted"": false}",0.0,NOS,[],False,GALOOP 1200MM CEILING FAN BROWN,,"{""gst_percentage"": 0.0, ""is_tax_applicable"": false, ""price_with_tax"": 1140.69, ""price_per_unit"": 1140.69, ""is_tax_included"": true, ""is_tax_exempted"": false}",GALOOP 1200MM CEILING FAN BROWN,
,,good,,2025-01-23 13:48:54.774,[],,,,,2026-01-06 12:08:20.118,38032de6-a8a3-46cf-a45e-b623f71f7a09,6.0,[],38032de6-a8a3-46cf-a45e-b623f71f7a09,False,6.0,4e726ef2-b58c-4e32-b4ef-f7d35150db22,normal,"{""gst_percentage"": 18.0, ""is_tax_applicable"": true, ""price_with_tax"": 1599.9974, ""price_per_unit"": 1355.93, ""is_tax_included"": false, ""is_tax_exempted"": false}",0.0,NOS,[],False,GALOOP 1200MM CEILING FAN IVORY,,"{""gst_percentage"": 18.0, ""is_tax_applicable"": true, ""price_with_tax"": 1363.8912, ""price_per_unit"": 1155.84, ""is_tax_included"": false, ""is_tax_exempted"": false}",GALOOP 1200MM CEILING FAN IVORY,
,,good,,2024-04-23 12:08:10.004,[],,,,,2024-04-23 12:08:10.004,4fc262ff-1e7f-408c-86fa-bb76e48b69e9,36.0,[],4fc262ff-1e7f-408c-86fa-bb76e48b69e9,False,36.0,4e726ef2-b58c-4e32-b4ef-f7d35150db22,normal,"{""gst_percentage"": 18.0, ""is_tax_applicable"": true, ""price_with_tax"": 0.0, ""price_per_unit"": 0.0, ""is_tax_included"": false, ""is_tax_exempted"": false}",0.0,NOS,[],False,INDICATOR SMALL,,"{""gst_percentage"": 18.0, ""is_tax_applicable"": true, ""price_with_tax"": 49.9966, ""price_per_unit"": 42.37, ""is_tax_included"": false, ""is_tax_exempted"": false}",INDICATOR SMALL,
,L&T,good,,2024-04-23 06:46:39.083,[],,719ebe4e-4df6-45f2-922e-b8e823b18d50,,,2024-04-23 06:46:39.083,381cf104-d208-4c7e-b38b-00f1b832d4fa,1.0,[],381cf104-d208-4c7e-b38b-00f1b832d4fa,False,1.0,4e726ef2-b58c-4e32-b4ef-f7d35150db22,normal,"{""gst_percentage"": 18.0, ""is_tax_applicable"": true, ""price_with_tax"": 0.0, ""price_per_unit"": 0.0, ""is_tax_included"": false, ""is_tax_exempted"": false}",0.0,NOS,[],False,MF1 2POLE STARTER 6.5-11A,,"{""gst_percentage"": 18.0, ""is_tax_applicable"": true, ""price_with_tax"": 655.5018, ""price_per_unit"": 555.51, ""is_tax_included"": false, ""is_tax_exempted"": false}",MF1 2POLE STARTER 6.5-11A,
,L&T,good,,2024-04-23 06:46:39.081,[],,719ebe4e-4df6-45f2-922e-b8e823b18d50,,,2026-03-20 07:41:03.015,9c749bc5-0b86-4480-9df6-010ee1d052d4,14.0,[],9c749bc5-0b86-4480-9df6-010ee1d052d4,False,14.0,4e726ef2-b58c-4e32-b4ef-f7d35150db22,normal,"{""gst_percentage"": 18.0, ""is_tax_applicable"": true, ""price_with_tax"": 219.9992, ""price_per_unit"": 186.44, ""is_tax_included"": false, ""is_tax_exempted"": false}",0.0,NOS,[],False,MK1 COIL 360V,,"{""gst_percentage"": 18.0, ""is_tax_applicable"": true, ""price_with_tax"": 199.7268, ""price_per_unit"": 169.26, ""is_tax_included"": false, ""is_tax_exempted"": false}",MK1 COIL 360V,
,L&T,good,,2024-04-23 06:59:34.708,[],,719ebe4e-4df6-45f2-922e-b8e823b18d50,,,2026-03-21 06:35:18.843,cc5e3d17-e34e-41b6-9d52-867f5d400328,6.0,[],cc5e3d17-e34e-41b6-9d52-867f5d400328,False,6.0,4e726ef2-b58c-4e32-b4ef-f7d35150db22,normal,"{""gst_percentage"": 18.0, ""is_tax_applicable"": true, ""price_with_tax"": 2275.0046, ""price_per_unit"": 1927.97, ""is_tax_included"": false, ""is_tax_exempted"": false}",0.0,NOS,[],False,MK1 DOL STARTER 13-22A,,"{""gst_percentage"": 18.0, ""is_tax_applicable"": true, ""price_with_tax"": 2097.1668, ""price_per_unit"": 1777.26, ""is_tax_included"": false, ""is_tax_exempted"": false}",MK1 DOL STARTER 13-22A,
,L&T,good,,2024-04-23 06:59:34.708,[],,719ebe4e-4df6-45f2-922e-b8e823b18d50,,,2026-03-21 07:13:03.058,51f3321d-f2b3-4418-be24-561d6a545fa4,3.0,[],51f3321d-f2b3-4418-be24-561d6a545fa4,False,3.0,4e726ef2-b58c-4e32-b4ef-f7d35150db22,normal,"{""gst_percentage"": 18.0, ""is_tax_applicable"": true, ""price_with_tax"": 2000.0056, ""price_per_unit"": 1694.92, ""is_tax_included"": false, ""is_tax_exempted"": false}",0.0,NOS,[],False,MK1 DOL STARTER 6-10A,,"{""gst_percentage"": 18.0, ""is_tax_applicable"": true, ""price_with_tax"": 1993.4684, ""price_per_unit"": 1689.38, ""is_tax_included"": false, ""is_tax_exempted"": false}",MK1 DOL STARTER 6-10A,
,L&T,good,,2024-04-23 06:59:34.709,[],,719ebe4e-4df6-45f2-922e-b8e823b18d50,,,2026-05-02 05:51:48.925,71a34b6e-5c4a-48c5-a3fc-8630068afc73,3.0,[],71a34b6e-5c4a-48c5-a3fc-8630068afc73,False,3.0,4e726ef2-b58c-4e32-b4ef-f7d35150db22,normal,"{""gst_percentage"": 18.0, ""is_tax_applicable"": true, ""price_with_tax"": 2149.9954, ""price_per_unit"": 1822.03, ""is_tax_included"": false, ""is_tax_exempted"": false}",0.0,NOS,[],False,MK1 DOL STARTER 9-14A,,"{""gst_percentage"": 18.0, ""is_tax_applicable"": true, ""price_with_tax"": 1993.4684, ""price_per_unit"": 1689.38, ""is_tax_included"": false, ""is_tax_exempted"": false}",MK1 DOL STARTER 9-14A,
,L&T,good,,2024-04-23 07:13:50.892,[],,719ebe4e-4df6-45f2-922e-b8e823b18d50,,,2026-01-06 13:11:59.256,88257249-7e37-4e25-8943-c896a8ad793d,4.0,[],88257249-7e37-4e25-8943-c896a8ad793d,False,4.0,4e726ef2-b58c-4e32-b4ef-f7d35150db22,normal,"{""gst_percentage"": 18.0, ""is_tax_applicable"": true, ""price_with_tax"": 1049.9994, ""price_per_unit"": 889.83, ""is_tax_included"": false, ""is_tax_exempted"": false}",0.0,NOS,[],False,MK1 RELAY 13-22A,,"{""gst_percentage"": 18.0, ""is_tax_applicable"": true, ""price_with_tax"": 897.449, ""price_per_unit"": 760.55, ""is_tax_included"": false, ""is_tax_exempted"": false}",MK1 RELAY 13-22A,
,,good,,2024-12-23 12:38:31.044,[],,,,,2025-07-14 13:15:11.121,d01a49d6-766e-4ce8-8111-260eed6a5013,4.0,[],d01a49d6-766e-4ce8-8111-260eed6a5013,False,4.0,4e726ef2-b58c-4e32-b4ef-f7d35150db22,normal,"{""gst_percentage"": 18.0, ""is_tax_applicable"": true, ""price_with_tax"": 0.0, ""price_per_unit"": 0.0, ""is_tax_included"": false, ""is_tax_exempted"": false}",0.0,NOS,[],False,MK1 RELAY 6-10A,,"{""gst_percentage"": 18.0, ""is_tax_applicable"": true, ""price_with_tax"": 711.3276, ""price_per_unit"": 602.82, ""is_tax_included"": false, ""is_tax_exempted"": false}",MK1 RELAY 6-10A,
,L&T,good,,2024-04-23 07:13:50.893,[],,719ebe4e-4df6-45f2-922e-b8e823b18d50,,,2026-05-02 06:37:39.478,c5b03b28-aa86-4ccc-a1ba-9256774634d0,2.0,[],c5b03b28-aa86-4ccc-a1ba-9256774634d0,False,2.0,4e726ef2-b58c-4e32-b4ef-f7d35150db22,normal,"{""gst_percentage"": 18.0, ""is_tax_applicable"": true, ""price_with_tax"": 800.0046, ""price_per_unit"": 677.97, ""is_tax_included"": false, ""is_tax_exempted"": false}",0.0,NOS,[],False,MK1 RELAY 9-14A,,"{""gst_percentage"": 18.0, ""is_tax_applicable"": true, ""price_with_tax"": 790.3522, ""price_per_unit"": 669.79, ""is_tax_included"": false, ""is_tax_exempted"": false}",MK1 RELAY 9-14A,
,L&T,good,,2024-04-23 12:32:08.793,[],,719ebe4e-4df6-45f2-922e-b8e823b18d50,,,2026-04-18 12:44:05.670,7e034677-3dcd-49c6-8af9-93da04a8c7f1,15.0,[],7e034677-3dcd-49c6-8af9-93da04a8c7f1,False,15.0,4e726ef2-b58c-4e32-b4ef-f7d35150db22,normal,"{""gst_percentage"": 18.0, ""is_tax_applicable"": true, ""price_with_tax"": 600.0, ""price_per_unit"": 600.0, ""is_tax_included"": true, ""is_tax_exempted"": false}",0.0,PCS,[],False,MK1 SPARE KIT,,"{""gst_percentage"": 18.0, ""is_tax_applicable"": true, ""price_with_tax"": 469.994, ""price_per_unit"": 398.3, ""is_tax_included"": false, ""is_tax_exempted"": false}",MK1 SPARE KIT,
,L&T,good,,2024-04-23 06:59:34.709,[],,719ebe4e-4df6-45f2-922e-b8e823b18d50,,,2026-04-20 06:03:43.994,363e320a-ec61-4126-85a9-4154e6fbfc55,7.0,[],363e320a-ec61-4126-85a9-4154e6fbfc55,False,7.0,4e726ef2-b58c-4e32-b4ef-f7d35150db22,normal,"{""gst_percentage"": 18.0, ""is_tax_applicable"": true, ""price_with_tax"": 3499.998, ""price_per_unit"": 2966.1, ""is_tax_included"": false, ""is_tax_exempted"": false}",0.0,NOS,[],False,MR-G2 0.5HP 6-10A PANNEL BOARD,,"{""gst_percentage"": 18.0, ""is_tax_applicable"": true, ""price_with_tax"": 2763.0762, ""price_per_unit"": 2341.59, ""is_tax_included"": false, ""is_tax_exempted"": false}",MR-G2 0.5HP 6-10A PANNEL BOARD,
,L&T,good,,2024-04-23 07:13:50.891,[],,719ebe4e-4df6-45f2-922e-b8e823b18d50,,,2026-05-02 07:55:13.888,6e5f61b4-2e8a-43f5-b444-05373e578c9d,-2.0,[],6e5f61b4-2e8a-43f5-b444-05373e578c9d,False,-2.0,4e726ef2-b58c-4e32-b4ef-f7d35150db22,normal,"{""gst_percentage"": 18.0, ""is_tax_applicable"": true, ""price_with_tax"": 3899.9944, ""price_per_unit"": 3305.08, ""is_tax_included"": false, ""is_tax_exempted"": false}",0.0,NOS,[],False,MR-G2 1.0HP 6-10A PANNEL BOARD,,"{""gst_percentage"": 18.0, ""is_tax_applicable"": true, ""price_with_tax"": 3314.1834, ""price_per_unit"": 2808.63, ""is_tax_included"": false, ""is_tax_exempted"": false}",MR-G2 1.0HP 6-10A PANNEL BOARD,
,L&T,good,,2024-04-23 07:13:50.893,[],,719ebe4e-4df6-45f2-922e-b8e823b18d50,,,2026-05-02 08:01:17.974,2acd4e61-df22-4cf6-81ac-511135035434,0.0,[],2acd4e61-df22-4cf6-81ac-511135035434,False,0.0,4e726ef2-b58c-4e32-b4ef-f7d35150db22,normal,"{""gst_percentage"": 18.0, ""is_tax_applicable"": true, ""price_with_tax"": 3600.003, ""price_per_unit"": 3050.85, ""is_tax_included"": false, ""is_tax_exempted"": false}",0.0,NOS,[],False,MR-G2 1.0HP 9-14A PANNEL BOARD,,"{""gst_percentage"": 18.0, ""is_tax_applicable"": true, ""price_with_tax"": 3314.1834, ""price_per_unit"": 2808.63, ""is_tax_included"": false, ""is_tax_exempted"": false}",MR-G2 1.0HP 9-14A PANNEL BOARD,
,,good,,2024-07-12 15:01:33.307,[],,,,,2026-05-02 08:04:09.880,6446ad44-f2b3-40bf-a48e-3fc9174793ed,0.0,[],6446ad44-f2b3-40bf-a48e-3fc9174793ed,False,0.0,4e726ef2-b58c-4e32-b4ef-f7d35150db22,normal,"{""gst_percentage"": 18.0, ""is_tax_applicable"": true, ""price_with_tax"": 4800.004, ""price_per_unit"": 4067.8, ""is_tax_included"": false, ""is_tax_exempted"": false}",0.0,NOS,[],False,MR-G2 1.5HP PANNEL BOA RD,,"{""gst_percentage"": 18.0, ""is_tax_applicable"": true, ""price_with_tax"": 3462.5566, ""price_per_unit"": 2934.37, ""is_tax_included"": false, ""is_tax_exempted"": false}",MR-G2 1.5HP PANNEL BOA RD,
,L&T,good,,2024-04-23 07:13:50.891,[],,719ebe4e-4df6-45f2-922e-b8e823b18d50,,,2024-10-22 11:38:34.009,1b90e5ec-b4ef-4513-8425-73adc46a887e,1.0,[],1b90e5ec-b4ef-4513-8425-73adc46a887e,False,1.0,4e726ef2-b58c-4e32-b4ef-f7d35150db22,normal,"{""gst_percentage"": 18.0, ""is_tax_applicable"": true, ""price_with_tax"": 4300.0026, ""price_per_unit"": 3644.07, ""is_tax_included"": false, ""is_tax_exempted"": false}",0.0,NOS,[],False,MR-G2 2.0HP  PANNEL BOARD,,"{""gst_percentage"": 18.0, ""is_tax_applicable"": true, ""price_with_tax"": 3771.6222, ""price_per_unit"": 3196.29, ""is_tax_included"": false, ""is_tax_exempted"": false}",MR-G2 2.0HP  PANNEL BOARD,
,L&T,good,,2024-08-20 11:46:14.734,[],,719ebe4e-4df6-45f2-922e-b8e823b18d50,,,2026-05-02 05:51:48.928,47b33371-44c2-4e57-b991-a7984d8435a7,0.0,[],47b33371-44c2-4e57-b991-a7984d8435a7,False,0.0,4e726ef2-b58c-4e32-b4ef-f7d35150db22,normal,"{""gst_percentage"": 18.0, ""is_tax_applicable"": true, ""price_with_tax"": 5399.9986, ""price_per_unit"": 4576.27, ""is_tax_included"": false, ""is_tax_exempted"": false}",0.0,NOS,[],False,MR-G2 3.0HP PANNEL BOARD,,"{""gst_percentage"": 18.0, ""is_tax_applicable"": true, ""price_with_tax"": 3929.6478, ""price_per_unit"": 3330.21, ""is_tax_included"": false, ""is_tax_exempted"": false}",MR-G2 3.0HP PANNEL BOARD,
,L&T,good,,2024-04-23 07:13:50.892,[],,719ebe4e-4df6-45f2-922e-b8e823b18d50,,,2025-04-01 08:24:16.035,54b67c09-9ad6-4593-a145-e10e89109ba6,2.0,[],54b67c09-9ad6-4593-a145-e10e89109ba6,False,2.0,4e726ef2-b58c-4e32-b4ef-f7d35150db22,normal,"{""gst_percentage"": 18.0, ""is_tax_applicable"": true, ""price_with_tax"": 6799.9978, ""price_per_unit"": 5762.71, ""is_tax_included"": false, ""is_tax_exempted"": false}",0.0,NOS,[],False,MU-G6  9-14A PANNEL BOARD,,"{""gst_percentage"": 18.0, ""is_tax_applicable"": true, ""price_with_tax"": 5545.1858, ""price_per_unit"": 4699.31, ""is_tax_included"": false, ""is_tax_exempted"": false}",MU-G6  9-14A PANNEL BOARD,
,L&T,good,,2024-04-23 07:13:50.894,[],,719ebe4e-4df6-45f2-922e-b8e823b18d50,,,2024-04-23 07:13:50.894,08b11283-81aa-4765-98dc-ac39bf6f5fb7,1.0,[],08b11283-81aa-4765-98dc-ac39bf6f5fb7,False,1.0,4e726ef2-b58c-4e32-b4ef-f7d35150db22,normal,"{""gst_percentage"": 18.0, ""is_tax_applicable"": true, ""price_with_tax"": 0.0, ""price_per_unit"": 0.0, ""is_tax_included"": false, ""is_tax_exempted"": false}",0.0,NOS,[],False,MU2 OVER LOAD RELAY 6-10A (MR-G2),,"{""gst_percentage"": 18.0, ""is_tax_applicable"": true, ""price_with_tax"": 646.994, ""price_per_unit"": 548.3, ""is_tax_included"": false, ""is_tax_exempted"": false}",MU2 OVER LOAD RELAY 6-10A (MR-G2),
,L&T,good,,2024-04-23 07:13:50.893,[],,719ebe4e-4df6-45f2-922e-b8e823b18d50,,,2026-01-05 17:04:48.304,1677f172-dd4e-4b6b-a547-4a1f6535f66e,1.0,[],1677f172-dd4e-4b6b-a547-4a1f6535f66e,False,1.0,4e726ef2-b58c-4e32-b4ef-f7d35150db22,normal,"{""gst_percentage"": 18.0, ""is_tax_applicable"": true, ""price_with_tax"": 699.9996, ""price_per_unit"": 593.22, ""is_tax_included"": false, ""is_tax_exempted"": false}",0.0,NOS,[],False,MU2 OVER LOAD RELAY 9-14A (MR-G2),,"{""gst_percentage"": 18.0, ""is_tax_applicable"": true, ""price_with_tax"": 646.994, ""price_per_unit"": 548.3, ""is_tax_included"": false, ""is_tax_exempted"": false}",MU2 OVER LOAD RELAY 9-14A (MR-G2),
,L&T,good,,2025-07-19 14:47:47.559,[],,719ebe4e-4df6-45f2-922e-b8e823b18d50,,,2026-01-06 05:54:34.438,57186696-8b7f-40e9-ad5f-fa3c303d2697,0.0,[],57186696-8b7f-40e9-ad5f-fa3c303d2697,False,0.0,4e726ef2-b58c-4e32-b4ef-f7d35150db22,normal,"{""gst_percentage"": 0.0, ""is_tax_applicable"": false, ""price_with_tax"": 2200.0, ""price_per_unit"": 2200.0, ""is_tax_included"": false, ""is_tax_exempted"": false}",0.0,NOS,[],False,MU2P 11-18A DOL STARTER,,"{""gst_percentage"": 0.0, ""is_tax_applicable"": false, ""price_with_tax"": 1529.88, ""price_per_unit"": 1529.88, ""is_tax_included"": false, ""is_tax_exempted"": false}",MU2P 11-18A DOL STARTER,
,,good,,2024-07-12 14:57:53.978,[],,,,,2024-07-20 08:52:36.619,d5c77609-fb93-4263-9f8d-e965328116f5,0.0,[],d5c77609-fb93-4263-9f8d-e965328116f5,False,0.0,4e726ef2-b58c-4e32-b4ef-f7d35150db22,normal,"{""gst_percentage"": 18.0, ""is_tax_applicable"": true, ""price_with_tax"": 6799.9978, ""price_per_unit"": 5762.71, ""is_tax_included"": false, ""is_tax_exempted"": false}",0.0,NOS,[],False,PANNEL BOARD PVC,,"{""gst_percentage"": 18.0, ""is_tax_applicable"": true, ""price_with_tax"": 8142.0, ""price_per_unit"": 6900.0, ""is_tax_included"": false, ""is_tax_exempted"": false}",PANNEL BOARD PVC,
,PARAGON,good,,2024-04-23 07:44:42.378,[],,2882303f-0c24-4e11-8b05-ce3b83d7829e,,,2025-06-20 15:32:47.309,cde29f82-f28b-497c-926d-ca96b17beeaf,0.0,[],cde29f82-f28b-497c-926d-ca96b17beeaf,False,0.0,4e726ef2-b58c-4e32-b4ef-f7d35150db22,normal,"{""gst_percentage"": 18.0, ""is_tax_applicable"": true, ""price_with_tax"": 1136.34, ""price_per_unit"": 963.0, ""is_tax_included"": false, ""is_tax_exempted"": false}",0.0,NOS,[],False,PE-1 DOL STARTER 13-21A,,"{""gst_percentage"": 18.0, ""is_tax_applicable"": true, ""price_with_tax"": 1136.34, ""price_per_unit"": 963.0, ""is_tax_included"": false, ""is_tax_exempted"": false}",PE-1 DOL STARTER 13-21A,
,PARAGON,good,,2024-04-23 07:44:42.379,[],,2882303f-0c24-4e11-8b05-ce3b83d7829e,,,2025-06-20 15:32:47.311,ecc6eda4-80cb-458a-891f-adad42c1aef9,0.0,[],ecc6eda4-80cb-458a-891f-adad42c1aef9,False,0.0,4e726ef2-b58c-4e32-b4ef-f7d35150db22,normal,"{""gst_percentage"": 18.0, ""is_tax_applicable"": true, ""price_with_tax"": 1120.41, ""price_per_unit"": 949.5, ""is_tax_included"": false, ""is_tax_exempted"": false}",0.0,NOS,[],False,PE-1 DOL STARTER 6-10A,,"{""gst_percentage"": 18.0, ""is_tax_applicable"": true, ""price_with_tax"": 1120.41, ""price_per_unit"": 949.5, ""is_tax_included"": false, ""is_tax_exempted"": false}",PE-1 DOL STARTER 6-10A,
,PARAGON,good,,2024-04-23 07:44:42.379,[],,2882303f-0c24-4e11-8b05-ce3b83d7829e,,,2025-06-20 15:32:47.314,9d054dc2-533c-4995-99b2-0ed7dd3c9b6b,4.0,[],9d054dc2-533c-4995-99b2-0ed7dd3c9b6b,False,4.0,4e726ef2-b58c-4e32-b4ef-f7d35150db22,normal,"{""gst_percentage"": 18.0, ""is_tax_applicable"": true, ""price_with_tax"": 1700.0024, ""price_per_unit"": 1440.68, ""is_tax_included"": false, ""is_tax_exempted"": false}",0.0,NOS,[],False,PE-1 DOL STARTER 9-14A,,"{""gst_percentage"": 18.0, ""is_tax_applicable"": true, ""price_with_tax"": 1120.41, ""price_per_unit"": 949.5, ""is_tax_included"": false, ""is_tax_exempted"": false}",PE-1 DOL STARTER 9-14A,
,,good,,2024-04-23 12:08:10.004,[],,,,,2024-04-23 12:08:10.004,04140006-e741-42f5-921e-e824bae7e684,9.0,[],04140006-e741-42f5-921e-e824bae7e684,False,9.0,4e726ef2-b58c-4e32-b4ef-f7d35150db22,normal,"{""gst_percentage"": 18.0, ""is_tax_applicable"": true, ""price_with_tax"": 0.0, ""price_per_unit"": 0.0, ""is_tax_included"": false, ""is_tax_exempted"": false}",0.0,NOS,[],False,PUSH BUTTON (VOLT METER),,"{""gst_percentage"": 18.0, ""is_tax_applicable"": true, ""price_with_tax"": 19.9892, ""price_per_unit"": 16.94, ""is_tax_included"": false, ""is_tax_exempted"": false}",PUSH BUTTON (VOLT METER),
,,good,,2024-04-23 11:54:48.178,[],,,,,2025-04-01 10:35:18.282,74c03f93-3d7e-414b-addf-932f104a79d7,-6.0,[],74c03f93-3d7e-414b-addf-932f104a79d7,False,-6.0,4e726ef2-b58c-4e32-b4ef-f7d35150db22,normal,"{""gst_percentage"": 18.0, ""is_tax_applicable"": true, ""price_with_tax"": 599.9946, ""price_per_unit"": 508.47, ""is_tax_included"": false, ""is_tax_exempted"": false}",0.0,NOS,[],False,PVC BOX (BIG),,"{""gst_percentage"": 18.0, ""is_tax_applicable"": true, ""price_with_tax"": 449.993, ""price_per_unit"": 381.35, ""is_tax_included"": false, ""is_tax_exempted"": false}",PVC BOX (BIG),
,,good,,2024-04-23 11:54:48.178,[],,,,,2025-05-20 13:18:44.698,594da4b8-b7e2-457f-a11a-d6b5057bfc5a,-1.0,[],594da4b8-b7e2-457f-a11a-d6b5057bfc5a,False,-1.0,4e726ef2-b58c-4e32-b4ef-f7d35150db22,normal,"{""gst_percentage"": 18.0, ""is_tax_applicable"": true, ""price_with_tax"": 1299.9942, ""price_per_unit"": 1101.69, ""is_tax_included"": false, ""is_tax_exempted"": false}",0.0,NOS,[],False,PVC BOX (DOUBLE DOOR),,"{""gst_percentage"": 18.0, ""is_tax_applicable"": true, ""price_with_tax"": 1099.996, ""price_per_unit"": 932.2, ""is_tax_included"": false, ""is_tax_exempted"": false}",PVC BOX (DOUBLE DOOR),
,,good,,2024-08-31 15:23:52.459,[],,,,,2026-03-21 08:27:35.954,637e6cb3-9a61-4179-acbe-09316b6653ed,0.0,[],637e6cb3-9a61-4179-acbe-09316b6653ed,False,0.0,4e726ef2-b58c-4e32-b4ef-f7d35150db22,normal,"{""gst_percentage"": 18.0, ""is_tax_applicable"": true, ""price_with_tax"": 800.0046, ""price_per_unit"": 677.97, ""is_tax_included"": false, ""is_tax_exempted"": false}",0.0,NOS,[],False,PVC BOX (SHIVAM),,"{""gst_percentage"": 18.0, ""is_tax_applicable"": true, ""price_with_tax"": 500.0014, ""price_per_unit"": 423.73, ""is_tax_included"": false, ""is_tax_exempted"": false}",PVC BOX (SHIVAM),
,,good,,2024-04-23 11:54:48.177,[],,,,,2024-04-26 07:56:36.408,698cca7e-c29d-4ba2-8c82-236b2396b980,6.0,[],698cca7e-c29d-4ba2-8c82-236b2396b980,False,6.0,4e726ef2-b58c-4e32-b4ef-f7d35150db22,normal,"{""gst_percentage"": 18.0, ""is_tax_applicable"": true, ""price_with_tax"": 450.0048, ""price_per_unit"": 381.36, ""is_tax_included"": false, ""is_tax_exempted"": false}",0.0,NOS,[],False,PVC BOX (SMALL),,"{""gst_percentage"": 18.0, ""is_tax_applicable"": true, ""price_with_tax"": 349.9998, ""price_per_unit"": 296.61, ""is_tax_included"": false, ""is_tax_exempted"": false}",PVC BOX (SMALL),
,,good,,2024-04-23 07:44:42.380,[],,,,,2026-05-02 08:04:09.890,427c798b-2293-4728-b0c3-c88bbbdff66b,99.0,[],427c798b-2293-4728-b0c3-c88bbbdff66b,False,99.0,4e726ef2-b58c-4e32-b4ef-f7d35150db22,normal,"{""gst_percentage"": 18.0, ""is_tax_applicable"": true, ""price_with_tax"": 20.001, ""price_per_unit"": 16.95, ""is_tax_included"": false, ""is_tax_exempted"": false}",0.0,NOS,[],False,RUBBER TAPE,,"{""gst_percentage"": 18.0, ""is_tax_applicable"": true, ""price_with_tax"": 7.493, ""price_per_unit"": 6.35, ""is_tax_included"": false, ""is_tax_exempted"": false}",RUBBER TAPE,
,,good,,2024-04-23 12:08:10.002,[],,,,,2025-01-23 14:54:57.476,f93b46cc-759f-4698-a463-f09c176118fc,8.0,[],f93b46cc-759f-4698-a463-f09c176118fc,False,8.0,4e726ef2-b58c-4e32-b4ef-f7d35150db22,normal,"{""gst_percentage"": 18.0, ""is_tax_applicable"": true, ""price_with_tax"": 20.001, ""price_per_unit"": 16.95, ""is_tax_included"": false, ""is_tax_exempted"": false}",0.0,NOS,[],False,SHALLAC,,"{""gst_percentage"": 18.0, ""is_tax_applicable"": true, ""price_with_tax"": 19.9892, ""price_per_unit"": 16.94, ""is_tax_included"": false, ""is_tax_exempted"": false}",SHALLAC,
,,good,,2026-01-26 07:07:46.297,[],,,,,2026-05-02 07:45:34.244,6d0bacd1-08f2-42a5-b781-34f46d614fd9,5.0,[],6d0bacd1-08f2-42a5-b781-34f46d614fd9,False,5.0,4e726ef2-b58c-4e32-b4ef-f7d35150db22,normal,"{""gst_percentage"": 18.0, ""is_tax_applicable"": true, ""price_with_tax"": 800.0046, ""price_per_unit"": 677.97, ""is_tax_included"": false, ""is_tax_exempted"": false}",0.0,NOS,[],False,SHIVAM PVC BOX (NEW),,"{""gst_percentage"": 18.0, ""is_tax_applicable"": true, ""price_with_tax"": 483.8, ""price_per_unit"": 410.0, ""is_tax_included"": false, ""is_tax_exempted"": false}",SHIVAM PVC BOX (NEW),
,,good,,2024-12-20 15:18:55.107,[],,,,,2026-01-06 13:52:30.346,55245df3-4114-4e1d-afba-8bba7c553072,50.0,[],55245df3-4114-4e1d-afba-8bba7c553072,False,50.0,4e726ef2-b58c-4e32-b4ef-f7d35150db22,normal,"{""gst_percentage"": 18.0, ""is_tax_applicable"": true, ""price_with_tax"": 5.9944, ""price_per_unit"": 5.08, ""is_tax_included"": false, ""is_tax_exempted"": false}",0.0,MTR,[],False,SILK WIRE,,"{""gst_percentage"": 18.0, ""is_tax_applicable"": true, ""price_with_tax"": 9.7468, ""price_per_unit"": 8.26, ""is_tax_included"": false, ""is_tax_exempted"": false}",SILK WIRE,
,L&T,good,,2024-04-23 06:46:39.080,[],,719ebe4e-4df6-45f2-922e-b8e823b18d50,,,2026-04-18 08:11:25.581,c56e7bef-45c9-41c5-bc6c-76cea6b9b652,8.0,[],c56e7bef-45c9-41c5-bc6c-76cea6b9b652,False,8.0,4e726ef2-b58c-4e32-b4ef-f7d35150db22,normal,"{""gst_percentage"": 18.0, ""is_tax_applicable"": true, ""price_with_tax"": 899.9978, ""price_per_unit"": 762.71, ""is_tax_included"": false, ""is_tax_exempted"": false}",0.0,NOS,[],False,SZ5 AUTO CUT 6WIRE,,"{""gst_percentage"": 18.0, ""is_tax_applicable"": true, ""price_with_tax"": 659.4666, ""price_per_unit"": 558.87, ""is_tax_included"": false, ""is_tax_exempted"": false}",SZ5 AUTO CUT 6WIRE,
,L&T,good,,2024-04-23 06:46:39.080,[],,719ebe4e-4df6-45f2-922e-b8e823b18d50,,,2025-04-01 08:24:16.857,74882d64-2ff3-430a-8c1c-97e23d6c56fe,0.0,[],74882d64-2ff3-430a-8c1c-97e23d6c56fe,False,0.0,4e726ef2-b58c-4e32-b4ef-f7d35150db22,normal,"{""gst_percentage"": 18.0, ""is_tax_applicable"": true, ""price_with_tax"": 899.9978, ""price_per_unit"": 762.71, ""is_tax_included"": false, ""is_tax_exempted"": false}",0.0,NOS,[],False,SZ5 AUTO CUT 7WIRE,,"{""gst_percentage"": 18.0, ""is_tax_applicable"": true, ""price_with_tax"": 659.4666, ""price_per_unit"": 558.87, ""is_tax_included"": false, ""is_tax_exempted"": false}",SZ5 AUTO CUT 7WIRE,
,,good,,2024-04-23 07:53:44.386,[],,,,,2026-05-02 13:50:14.038,26cf6bb0-66c2-4add-834c-6e1d639c2ee1,149.0,[],26cf6bb0-66c2-4add-834c-6e1d639c2ee1,False,149.0,4e726ef2-b58c-4e32-b4ef-f7d35150db22,normal,"{""gst_percentage"": 18.0, ""is_tax_applicable"": true, ""price_with_tax"": 10.0, ""price_per_unit"": 10.0, ""is_tax_included"": true, ""is_tax_exempted"": false}",0.0,NOS,[],False,TAPE ROLL,,"{""gst_percentage"": 18.0, ""is_tax_applicable"": true, ""price_with_tax"": 8.26, ""price_per_unit"": 7.0, ""is_tax_included"": false, ""is_tax_exempted"": false}",TAPE ROLL,
,,good,,2024-04-23 08:43:38.464,[],,,,,2026-05-02 13:50:14.040,aa9b520d-46ab-43c1-8da2-5028f2324cdf,65.0,[],aa9b520d-46ab-43c1-8da2-5028f2324cdf,False,65.0,4e726ef2-b58c-4e32-b4ef-f7d35150db22,normal,"{""gst_percentage"": 18.0, ""is_tax_applicable"": true, ""price_with_tax"": 20.001, ""price_per_unit"": 16.95, ""is_tax_included"": false, ""is_tax_exempted"": false}",0.0,NOS,[],False,TEFLON TAPE,,"{""gst_percentage"": 18.0, ""is_tax_applicable"": true, ""price_with_tax"": 11.505, ""price_per_unit"": 9.75, ""is_tax_included"": false, ""is_tax_exempted"": false}",TEFLON TAPE,
,,good,,2024-08-20 12:07:56.809,[],,,,,2024-08-20 12:09:05.312,8042e1cd-7a04-4eb5-a07b-2eec9a935d41,3.0,[],8042e1cd-7a04-4eb5-a07b-2eec9a935d41,False,3.0,4e726ef2-b58c-4e32-b4ef-f7d35150db22,normal,"{""gst_percentage"": 18.0, ""is_tax_applicable"": true, ""price_with_tax"": 0.0, ""price_per_unit"": 0.0, ""is_tax_included"": false, ""is_tax_exempted"": false}",0.0,NOS,[],False,TEXMO CONTACTOR COIL,,"{""gst_percentage"": 18.0, ""is_tax_applicable"": true, ""price_with_tax"": 141.6, ""price_per_unit"": 120.0, ""is_tax_included"": false, ""is_tax_exempted"": false}",TEXMO CONTACTOR COIL,
,,good,,2025-03-04 08:10:07.445,[],,,,,2025-07-12 06:16:15.284,aa0c9ba1-75b8-4c64-a161-67704ae53a12,2.0,[],aa0c9ba1-75b8-4c64-a161-67704ae53a12,False,2.0,4e726ef2-b58c-4e32-b4ef-f7d35150db22,normal,"{""gst_percentage"": 18.0, ""is_tax_applicable"": true, ""price_with_tax"": 2600.0002, ""price_per_unit"": 2203.39, ""is_tax_included"": false, ""is_tax_exempted"": false}",0.0,NOS,[],False,TORO 1200MM CEILING FAN BIRKEN EFFECT,,"{""gst_percentage"": 18.0, ""is_tax_applicable"": true, ""price_with_tax"": 2662.139, ""price_per_unit"": 2256.05, ""is_tax_included"": false, ""is_tax_exempted"": false}",TORO 1200MM CEILING FAN BIRKEN EFFECT,
,,good,,2024-12-20 15:12:57.900,[],,,,,2026-04-18 08:40:26.667,8d8f0d4f-a047-4518-8058-2ee46bb7d194,0.0,[],8d8f0d4f-a047-4518-8058-2ee46bb7d194,False,0.0,4e726ef2-b58c-4e32-b4ef-f7d35150db22,normal,"{""gst_percentage"": 18.0, ""is_tax_applicable"": true, ""price_with_tax"": 2600.0002, ""price_per_unit"": 2203.39, ""is_tax_included"": false, ""is_tax_exempted"": false}",0.0,NOS,[],False,VERSA 1200MM CEILING FAN MIDNIGHT BROWN,,"{""gst_percentage"": 18.0, ""is_tax_applicable"": true, ""price_with_tax"": 2259.582, ""price_per_unit"": 1914.9, ""is_tax_included"": false, ""is_tax_exempted"": false}",VERSA 1200MM CEILING FAN MIDNIGHT BROWN,
,,good,,2024-12-20 15:11:30.113,[],,,,,2024-12-20 15:32:33.035,71732b31-64d8-43dc-9be9-7f698fcdd45b,2.0,[],71732b31-64d8-43dc-9be9-7f698fcdd45b,False,2.0,4e726ef2-b58c-4e32-b4ef-f7d35150db22,normal,"{""gst_percentage"": 18.0, ""is_tax_applicable"": true, ""price_with_tax"": 0.0, ""price_per_unit"": 0.0, ""is_tax_included"": false, ""is_tax_exempted"": false}",0.0,PCS,[],False,VERSA 1200MM CEILING FAN TONY BROWN,,"{""gst_percentage"": 18.0, ""is_tax_applicable"": true, ""price_with_tax"": 2485.5402, ""price_per_unit"": 2106.39, ""is_tax_included"": false, ""is_tax_exempted"": false}",VERSA 1200MM CEILING FAN TONY BROWN,
,,good,,2024-04-23 12:08:10.003,[],,,,,2025-01-29 15:49:50.895,fe72a219-24ec-4002-ae27-7d3bedd41a5f,1.0,[],fe72a219-24ec-4002-ae27-7d3bedd41a5f,False,1.0,4e726ef2-b58c-4e32-b4ef-f7d35150db22,normal,"{""gst_percentage"": 18.0, ""is_tax_applicable"": true, ""price_with_tax"": 0.0, ""price_per_unit"": 0.0, ""is_tax_included"": false, ""is_tax_exempted"": false}",0.0,NOS,[],False,WATER ALARM,,"{""gst_percentage"": 18.0, ""is_tax_applicable"": true, ""price_with_tax"": 249.9948, ""price_per_unit"": 211.86, ""is_tax_included"": false, ""is_tax_exempted"": false}",WATER ALARM,
